Epoch, Loss, Dice Score, Dice Loss, CE Loss, Time
1, 1.4116, 0.3754, 0.6246, 0.7869, 485.12
2, 0.9189, 0.5233, 0.4767, 0.4422, 252.99
3, 0.7833, 0.5851, 0.4149, 0.3684, 252.04
4, 0.7086, 0.6230, 0.3770, 0.3316, 253.20
5, 0.6649, 0.6454, 0.3546, 0.3103, 252.21
6, 0.6343, 0.6610, 0.3390, 0.2953, 252.26
7, 0.6130, 0.6723, 0.3277, 0.2853, 251.73
8, 0.5945, 0.6810, 0.3190, 0.2755, 252.26
9, 0.5814, 0.6875, 0.3125, 0.2689, 252.83
10, 0.5669, 0.6944, 0.3056, 0.2613, 253.95
11, 0.5577, 0.6989, 0.3011, 0.2566, 257.32
12, 0.5474, 0.7029, 0.2971, 0.2503, 258.52
13, 0.5388, 0.7069, 0.2931, 0.2458, 256.49
14, 0.5289, 0.7112, 0.2888, 0.2401, 254.62
15, 0.5243, 0.7137, 0.2863, 0.2379, 256.86
16, 0.5176, 0.7166, 0.2834, 0.2343, 296.75
17, 0.5103, 0.7201, 0.2799, 0.2304, 295.30
18, 0.5044, 0.7224, 0.2776, 0.2268, 297.35
19, 0.4987, 0.7249, 0.2751, 0.2236, 296.85
20, 0.4932, 0.7275, 0.2725, 0.2207, 297.04
21, 0.4884, 0.7296, 0.2704, 0.2180, 295.44
22, 0.4811, 0.7322, 0.2678, 0.2133, 270.03
23, 0.4784, 0.7340, 0.2660, 0.2124, 256.57
24, 0.4730, 0.7362, 0.2638, 0.2092, 256.06
25, 0.4708, 0.7376, 0.2624, 0.2085, 255.54
26, 0.4674, 0.7391, 0.2609, 0.2065, 256.49
27, 0.4600, 0.7422, 0.2578, 0.2022, 256.82
28, 0.4587, 0.7429, 0.2571, 0.2016, 256.44
29, 0.4549, 0.7447, 0.2553, 0.1996, 264.99
30, 0.4493, 0.7469, 0.2531, 0.1961, 261.63
31, 0.4503, 0.7475, 0.2525, 0.1978, 251.64
32, 0.4445, 0.7491, 0.2509, 0.1936, 252.97
33, 0.4433, 0.7509, 0.2491, 0.1942, 252.15
34, 0.4389, 0.7519, 0.2481, 0.1907, 252.51
35, 0.4374, 0.7528, 0.2472, 0.1901, 252.14
36, 0.4335, 0.7546, 0.2454, 0.1881, 252.92
37, 0.4292, 0.7560, 0.2440, 0.1852, 251.76
38, 0.4272, 0.7572, 0.2428, 0.1844, 252.29
39, 0.4261, 0.7577, 0.2423, 0.1838, 249.49
40, 0.4233, 0.7590, 0.2410, 0.1823, 252.31
41, 0.4209, 0.7600, 0.2400, 0.1809, 251.57
42, 0.4190, 0.7612, 0.2388, 0.1803, 253.39
43, 0.4154, 0.7626, 0.2374, 0.1780, 252.71
44, 0.4162, 0.7630, 0.2370, 0.1792, 252.65
45, 0.4120, 0.7647, 0.2353, 0.1767, 252.81
46, 0.4096, 0.7657, 0.2343, 0.1753, 249.34
47, 0.4088, 0.7666, 0.2334, 0.1754, 249.26
48, 0.4040, 0.7683, 0.2317, 0.1723, 251.02
49, 0.4035, 0.7685, 0.2315, 0.1720, 247.69
50, 0.4015, 0.7696, 0.2304, 0.1712, 250.96
51, 0.3985, 0.7706, 0.2294, 0.1691, 244.90
52, 0.3981, 0.7714, 0.2286, 0.1694, 250.38
53, 0.3958, 0.7719, 0.2281, 0.1677, 250.14
54, 0.3923, 0.7739, 0.2261, 0.1662, 250.79
55, 0.3937, 0.7737, 0.2263, 0.1674, 251.50
56, 0.3912, 0.7750, 0.2250, 0.1661, 252.25
57, 0.3891, 0.7756, 0.2244, 0.1647, 252.15
58, 0.3899, 0.7756, 0.2244, 0.1655, 252.80
59, 0.3863, 0.7771, 0.2229, 0.1634, 253.51
60, 0.3837, 0.7780, 0.2220, 0.1617, 253.16
61, 0.3827, 0.7786, 0.2214, 0.1613, 253.73
62, 0.3823, 0.7787, 0.2213, 0.1610, 253.46
63, 0.3805, 0.7799, 0.2201, 0.1604, 252.91
64, 0.3775, 0.7809, 0.2191, 0.1584, 251.73
65, 0.3754, 0.7820, 0.2180, 0.1574, 252.84
66, 0.3762, 0.7820, 0.2180, 0.1582, 252.98
67, 0.3752, 0.7822, 0.2178, 0.1574, 252.57
68, 0.3727, 0.7833, 0.2167, 0.1560, 252.47
69, 0.3714, 0.7839, 0.2161, 0.1553, 253.31
70, 0.3700, 0.7846, 0.2154, 0.1546, 252.86
71, 0.3703, 0.7848, 0.2152, 0.1552, 253.09
72, 0.3672, 0.7860, 0.2140, 0.1532, 252.77
73, 0.3660, 0.7865, 0.2135, 0.1526, 252.44
74, 0.3665, 0.7870, 0.2130, 0.1535, 253.08
75, 0.3644, 0.7877, 0.2123, 0.1521, 253.10
76, 0.3625, 0.7886, 0.2114, 0.1511, 253.12
77, 0.3622, 0.7887, 0.2113, 0.1509, 252.85
78, 0.3614, 0.7890, 0.2110, 0.1504, 252.59
79, 0.3609, 0.7898, 0.2102, 0.1507, 253.20
80, 0.3584, 0.7906, 0.2094, 0.1490, 252.77
81, 0.3570, 0.7917, 0.2083, 0.1487, 252.80
82, 0.3559, 0.7919, 0.2081, 0.1478, 253.17
83, 0.3544, 0.7927, 0.2073, 0.1470, 252.66
84, 0.3535, 0.7929, 0.2071, 0.1464, 253.08
85, 0.3545, 0.7929, 0.2071, 0.1474, 252.72
86, 0.3520, 0.7940, 0.2060, 0.1460, 253.07
87, 0.3522, 0.7939, 0.2061, 0.1461, 252.57
88, 0.3504, 0.7947, 0.2053, 0.1451, 252.83
89, 0.3467, 0.7963, 0.2037, 0.1430, 253.09
90, 0.3478, 0.7959, 0.2041, 0.1437, 253.31
91, 0.3471, 0.7967, 0.2033, 0.1438, 253.21
92, 0.3466, 0.7966, 0.2034, 0.1432, 252.90
93, 0.3458, 0.7970, 0.2030, 0.1428, 252.57
94, 0.3438, 0.7981, 0.2019, 0.1418, 251.23
95, 0.3422, 0.7986, 0.2014, 0.1408, 252.06
96, 0.3428, 0.7986, 0.2014, 0.1414, 252.99
97, 0.3415, 0.7990, 0.2010, 0.1405, 253.03
98, 0.3407, 0.7997, 0.2003, 0.1404, 253.09
99, 0.3414, 0.7997, 0.2003, 0.1411, 252.97
100, 0.3388, 0.8005, 0.1995, 0.1393, 252.88
101, 0.3397, 0.8005, 0.1995, 0.1403, 252.49
102, 0.3364, 0.8016, 0.1984, 0.1380, 252.83
103, 0.3377, 0.8013, 0.1987, 0.1391, 253.35
104, 0.3355, 0.8022, 0.1978, 0.1377, 253.36
105, 0.3364, 0.8020, 0.1980, 0.1384, 253.10
106, 0.3362, 0.8023, 0.1977, 0.1384, 253.40
107, 0.3332, 0.8030, 0.1970, 0.1362, 252.44
108, 0.3329, 0.8036, 0.1964, 0.1365, 252.98
109, 0.3317, 0.8039, 0.1961, 0.1356, 252.93
110, 0.3300, 0.8050, 0.1950, 0.1349, 253.28
111, 0.3328, 0.8040, 0.1960, 0.1368, 252.72
112, 0.3310, 0.8048, 0.1952, 0.1357, 253.59
113, 0.3304, 0.8050, 0.1950, 0.1354, 253.15
114, 0.3292, 0.8056, 0.1944, 0.1348, 252.73
115, 0.3290, 0.8059, 0.1941, 0.1349, 253.25
116, 0.3285, 0.8060, 0.1940, 0.1345, 253.38
117, 0.3280, 0.8062, 0.1938, 0.1342, 253.44
118, 0.3268, 0.8067, 0.1933, 0.1336, 253.06
119, 0.3247, 0.8077, 0.1923, 0.1324, 251.96
120, 0.3250, 0.8078, 0.1922, 0.1328, 252.87
121, 0.3240, 0.8083, 0.1917, 0.1324, 253.28
122, 0.3243, 0.8081, 0.1919, 0.1325, 252.69
123, 0.3220, 0.8091, 0.1909, 0.1311, 253.21
124, 0.3219, 0.8092, 0.1908, 0.1311, 253.30
125, 0.3222, 0.8094, 0.1906, 0.1316, 253.34
126, 0.3200, 0.8101, 0.1899, 0.1301, 248.76
127, 0.3203, 0.8101, 0.1899, 0.1304, 251.83
128, 0.3177, 0.8112, 0.1888, 0.1289, 249.60
129, 0.3211, 0.8101, 0.1899, 0.1313, 259.95
130, 0.3181, 0.8113, 0.1887, 0.1294, 285.88
131, 0.3165, 0.8120, 0.1880, 0.1285, 276.76
132, 0.3175, 0.8115, 0.1885, 0.1290, 251.53
133, 0.3180, 0.8115, 0.1885, 0.1295, 250.90
134, 0.3150, 0.8127, 0.1873, 0.1277, 254.49
135, 0.3146, 0.8130, 0.1870, 0.1276, 286.18
136, 0.3164, 0.8123, 0.1877, 0.1286, 284.77
137, 0.3142, 0.8133, 0.1867, 0.1274, 283.62
138, 0.3134, 0.8137, 0.1863, 0.1271, 284.89
139, 0.3132, 0.8136, 0.1864, 0.1268, 284.59
140, 0.3127, 0.8141, 0.1859, 0.1268, 285.06
141, 0.3117, 0.8146, 0.1854, 0.1263, 285.46
142, 0.3140, 0.8140, 0.1860, 0.1279, 286.66
143, 0.3108, 0.8149, 0.1851, 0.1257, 285.04
144, 0.3104, 0.8151, 0.1849, 0.1255, 285.45
145, 0.3098, 0.8154, 0.1846, 0.1251, 286.38
146, 0.3088, 0.8159, 0.1841, 0.1247, 286.63
147, 0.3099, 0.8154, 0.1846, 0.1253, 286.07
148, 0.3094, 0.8157, 0.1843, 0.1251, 285.61
149, 0.3101, 0.8157, 0.1843, 0.1258, 286.25
150, 0.3074, 0.8167, 0.1833, 0.1241, 286.46
151, 0.3074, 0.8171, 0.1829, 0.1245, 285.71
152, 0.3073, 0.8168, 0.1832, 0.1240, 285.76
153, 0.3050, 0.8179, 0.1821, 0.1229, 285.84
154, 0.3058, 0.8178, 0.1822, 0.1236, 286.09
155, 0.3061, 0.8176, 0.1824, 0.1237, 285.75
156, 0.3035, 0.8186, 0.1814, 0.1221, 283.86
157, 0.3044, 0.8185, 0.1815, 0.1229, 285.79
158, 0.3023, 0.8193, 0.1807, 0.1216, 284.77
159, 0.3044, 0.8189, 0.1811, 0.1232, 285.67
160, 0.3021, 0.8193, 0.1807, 0.1214, 286.62
161, 0.3016, 0.8197, 0.1803, 0.1212, 285.53
162, 0.3033, 0.8193, 0.1807, 0.1226, 284.81
163, 0.3008, 0.8201, 0.1799, 0.1209, 286.46
164, 0.3013, 0.8196, 0.1804, 0.1210, 285.12
165, 0.2999, 0.8205, 0.1795, 0.1204, 286.04
166, 0.3038, 0.8192, 0.1808, 0.1230, 285.41
167, 0.3013, 0.8202, 0.1798, 0.1215, 285.57
168, 0.2998, 0.8211, 0.1789, 0.1209, 286.70
169, 0.2972, 0.8219, 0.1781, 0.1191, 286.48
170, 0.2995, 0.8213, 0.1787, 0.1208, 286.09
171, 0.2979, 0.8218, 0.1782, 0.1197, 285.75
172, 0.2966, 0.8223, 0.1777, 0.1189, 286.06
173, 0.2990, 0.8217, 0.1783, 0.1207, 286.67
174, 0.2971, 0.8222, 0.1778, 0.1192, 287.18
175, 0.2973, 0.8224, 0.1776, 0.1197, 287.53
176, 0.2970, 0.8224, 0.1776, 0.1194, 286.79
177, 0.2944, 0.8235, 0.1765, 0.1178, 285.51
178, 0.2959, 0.8233, 0.1767, 0.1192, 286.38
179, 0.2955, 0.8229, 0.1771, 0.1185, 286.74
180, 0.2947, 0.8234, 0.1766, 0.1181, 287.05
181, 0.2951, 0.8232, 0.1768, 0.1183, 286.32
182, 0.2948, 0.8234, 0.1766, 0.1182, 286.94
183, 0.2937, 0.8241, 0.1759, 0.1178, 285.91
184, 0.2920, 0.8245, 0.1755, 0.1165, 286.08
185, 0.2918, 0.8248, 0.1752, 0.1166, 286.23
186, 0.2922, 0.8245, 0.1755, 0.1168, 287.81
187, 0.2923, 0.8247, 0.1753, 0.1170, 286.18
188, 0.2920, 0.8247, 0.1753, 0.1167, 285.79
189, 0.2934, 0.8244, 0.1756, 0.1178, 286.90
190, 0.2907, 0.8254, 0.1746, 0.1161, 286.72
191, 0.2890, 0.8261, 0.1739, 0.1152, 286.19
192, 0.2919, 0.8251, 0.1749, 0.1170, 287.66
193, 0.2897, 0.8262, 0.1738, 0.1158, 286.07
194, 0.2893, 0.8259, 0.1741, 0.1152, 286.13
195, 0.2896, 0.8261, 0.1739, 0.1157, 286.41
196, 0.2908, 0.8260, 0.1740, 0.1168, 286.51
197, 0.2903, 0.8260, 0.1740, 0.1163, 287.16
198, 0.2881, 0.8269, 0.1731, 0.1150, 287.01
199, 0.2882, 0.8267, 0.1733, 0.1149, 286.57
200, 0.2875, 0.8272, 0.1728, 0.1147, 287.11
201, 0.2887, 0.8268, 0.1732, 0.1154, 287.23
202, 0.2874, 0.8271, 0.1729, 0.1145, 286.57
203, 0.2873, 0.8272, 0.1728, 0.1145, 286.48
204, 0.2874, 0.8273, 0.1727, 0.1148, 286.94
205, 0.2860, 0.8278, 0.1722, 0.1138, 287.49
206, 0.2850, 0.8286, 0.1714, 0.1135, 285.97
207, 0.2841, 0.8288, 0.1712, 0.1129, 287.28
208, 0.2848, 0.8284, 0.1716, 0.1132, 286.93
209, 0.2850, 0.8284, 0.1716, 0.1134, 286.25
210, 0.2845, 0.8288, 0.1712, 0.1133, 286.16
211, 0.2842, 0.8289, 0.1711, 0.1131, 286.25
212, 0.2841, 0.8289, 0.1711, 0.1131, 287.05
213, 0.2839, 0.8288, 0.1712, 0.1127, 286.11
214, 0.2847, 0.8285, 0.1715, 0.1132, 286.24
215, 0.2839, 0.8291, 0.1709, 0.1130, 286.48
216, 0.2830, 0.8297, 0.1703, 0.1126, 285.75
217, 0.2821, 0.8297, 0.1703, 0.1118, 285.90
218, 0.2819, 0.8302, 0.1698, 0.1121, 287.38
219, 0.2818, 0.8301, 0.1699, 0.1119, 286.78
220, 0.2815, 0.8307, 0.1693, 0.1122, 286.53
221, 0.2808, 0.8305, 0.1695, 0.1113, 286.76
222, 0.2801, 0.8311, 0.1689, 0.1112, 286.25
223, 0.2787, 0.8316, 0.1684, 0.1103, 286.22
224, 0.2803, 0.8309, 0.1691, 0.1112, 287.15
225, 0.2802, 0.8311, 0.1689, 0.1113, 285.90
226, 0.2790, 0.8315, 0.1685, 0.1105, 287.16
227, 0.2780, 0.8320, 0.1680, 0.1099, 286.27
228, 0.2791, 0.8317, 0.1683, 0.1108, 287.48
229, 0.2788, 0.8314, 0.1686, 0.1102, 286.73
230, 0.2774, 0.8322, 0.1678, 0.1097, 286.68
231, 0.2782, 0.8319, 0.1681, 0.1101, 286.28
232, 0.2767, 0.8324, 0.1676, 0.1092, 286.95
233, 0.2777, 0.8322, 0.1678, 0.1099, 287.15
234, 0.2765, 0.8329, 0.1671, 0.1093, 286.20
235, 0.2771, 0.8327, 0.1673, 0.1098, 286.79
236, 0.2781, 0.8322, 0.1678, 0.1104, 286.62
237, 0.2768, 0.8328, 0.1672, 0.1096, 287.39
238, 0.2760, 0.8332, 0.1668, 0.1091, 287.20
239, 0.2772, 0.8330, 0.1670, 0.1101, 286.95
240, 0.2755, 0.8338, 0.1662, 0.1093, 286.83
241, 0.2751, 0.8334, 0.1666, 0.1085, 286.05
242, 0.2758, 0.8332, 0.1668, 0.1090, 286.47
243, 0.2744, 0.8337, 0.1663, 0.1081, 287.21
244, 0.2742, 0.8343, 0.1657, 0.1085, 286.28
245, 0.2736, 0.8343, 0.1657, 0.1079, 286.81
246, 0.2731, 0.8345, 0.1655, 0.1076, 286.94
247, 0.2741, 0.8342, 0.1658, 0.1082, 286.48
248, 0.2733, 0.8345, 0.1655, 0.1078, 286.86
249, 0.2728, 0.8347, 0.1653, 0.1075, 286.15
250, 0.2728, 0.8348, 0.1652, 0.1076, 286.19
251, 0.2734, 0.8344, 0.1656, 0.1077, 286.64
252, 0.2722, 0.8348, 0.1652, 0.1070, 286.45
253, 0.2709, 0.8357, 0.1643, 0.1066, 286.94
254, 0.2714, 0.8355, 0.1645, 0.1070, 286.48
255, 0.2728, 0.8350, 0.1650, 0.1077, 286.52
256, 0.2724, 0.8349, 0.1651, 0.1074, 286.27
257, 0.2717, 0.8354, 0.1646, 0.1071, 286.43
258, 0.2699, 0.8361, 0.1639, 0.1060, 287.09
259, 0.2701, 0.8364, 0.1636, 0.1065, 287.21
260, 0.2698, 0.8362, 0.1638, 0.1060, 285.87
261, 0.2712, 0.8355, 0.1645, 0.1067, 286.83
262, 0.2707, 0.8359, 0.1641, 0.1066, 285.67
263, 0.2698, 0.8364, 0.1636, 0.1062, 285.85
264, 0.2695, 0.8365, 0.1635, 0.1059, 287.29
265, 0.2709, 0.8358, 0.1642, 0.1067, 286.85
266, 0.2693, 0.8365, 0.1635, 0.1058, 287.31
267, 0.2691, 0.8368, 0.1632, 0.1058, 285.79
268, 0.2703, 0.8361, 0.1639, 0.1064, 286.35
269, 0.2684, 0.8369, 0.1631, 0.1053, 286.52
270, 0.2677, 0.8377, 0.1623, 0.1054, 286.01
271, 0.2681, 0.8372, 0.1628, 0.1053, 286.81
272, 0.2673, 0.8376, 0.1624, 0.1049, 286.15
273, 0.2681, 0.8373, 0.1627, 0.1054, 286.50
274, 0.2688, 0.8370, 0.1630, 0.1058, 286.73
275, 0.2682, 0.8374, 0.1626, 0.1056, 287.28
276, 0.2681, 0.8372, 0.1628, 0.1053, 287.53
277, 0.2654, 0.8387, 0.1613, 0.1040, 286.59
278, 0.2674, 0.8375, 0.1625, 0.1049, 286.84
279, 0.2672, 0.8380, 0.1620, 0.1052, 286.65
280, 0.2662, 0.8383, 0.1617, 0.1045, 288.19
281, 0.2657, 0.8385, 0.1615, 0.1042, 287.06
282, 0.2669, 0.8379, 0.1621, 0.1049, 287.67
283, 0.2652, 0.8387, 0.1613, 0.1039, 286.41
284, 0.2681, 0.8374, 0.1626, 0.1056, 287.34
285, 0.2649, 0.8389, 0.1611, 0.1038, 286.51
286, 0.2660, 0.8384, 0.1616, 0.1043, 286.55
287, 0.2645, 0.8390, 0.1610, 0.1035, 286.93
288, 0.2662, 0.8384, 0.1616, 0.1047, 286.43
289, 0.2644, 0.8392, 0.1608, 0.1037, 258.50
290, 0.2641, 0.8393, 0.1607, 0.1034, 253.63
291, 0.2647, 0.8390, 0.1610, 0.1037, 253.66
292, 0.2652, 0.8389, 0.1611, 0.1041, 253.34
293, 0.2639, 0.8394, 0.1606, 0.1032, 253.51
294, 0.2633, 0.8397, 0.1603, 0.1030, 253.54
295, 0.2644, 0.8394, 0.1606, 0.1037, 253.69
296, 0.2631, 0.8400, 0.1600, 0.1031, 253.82
297, 0.2640, 0.8393, 0.1607, 0.1032, 253.34
298, 0.2630, 0.8399, 0.1601, 0.1029, 253.49
299, 0.2623, 0.8404, 0.1596, 0.1027, 253.54
300, 0.2632, 0.8401, 0.1599, 0.1033, 253.68
301, 0.2610, 0.8405, 0.1595, 0.1016, 253.44
302, 0.2627, 0.8400, 0.1600, 0.1027, 253.43
303, 0.2614, 0.8409, 0.1591, 0.1022, 253.45
304, 0.2623, 0.8403, 0.1597, 0.1026, 253.19
305, 0.2623, 0.8403, 0.1597, 0.1026, 253.38
306, 0.2608, 0.8411, 0.1589, 0.1020, 259.98
307, 0.2626, 0.8402, 0.1598, 0.1028, 293.06
308, 0.2623, 0.8407, 0.1593, 0.1030, 292.79
309, 0.2606, 0.8412, 0.1588, 0.1018, 292.81
310, 0.2617, 0.8408, 0.1592, 0.1025, 293.16
311, 0.2606, 0.8411, 0.1589, 0.1017, 293.11
312, 0.2609, 0.8409, 0.1591, 0.1017, 292.52
313, 0.2603, 0.8415, 0.1585, 0.1017, 284.62
314, 0.2587, 0.8420, 0.1580, 0.1007, 292.95
315, 0.2603, 0.8413, 0.1587, 0.1016, 293.31
316, 0.2611, 0.8413, 0.1587, 0.1024, 292.99
317, 0.2597, 0.8418, 0.1582, 0.1015, 293.23
318, 0.2608, 0.8413, 0.1587, 0.1021, 292.72
319, 0.2589, 0.8422, 0.1578, 0.1011, 284.62
320, 0.2582, 0.8423, 0.1577, 0.1005, 292.32
321, 0.2600, 0.8417, 0.1583, 0.1017, 292.91
322, 0.2591, 0.8420, 0.1580, 0.1012, 293.13
323, 0.2592, 0.8420, 0.1580, 0.1012, 293.12
324, 0.2584, 0.8424, 0.1576, 0.1008, 293.03
325, 0.2588, 0.8421, 0.1579, 0.1009, 293.19
326, 0.2588, 0.8421, 0.1579, 0.1009, 287.54
327, 0.2595, 0.8419, 0.1581, 0.1013, 293.00
328, 0.2558, 0.8436, 0.1564, 0.0994, 292.78
329, 0.2603, 0.8421, 0.1579, 0.1024, 292.82
330, 0.2578, 0.8426, 0.1574, 0.1004, 293.10
331, 0.2565, 0.8432, 0.1568, 0.0996, 292.85
332, 0.2572, 0.8430, 0.1570, 0.1001, 287.82
333, 0.2561, 0.8434, 0.1566, 0.0996, 289.59
334, 0.2570, 0.8431, 0.1569, 0.1001, 292.68
335, 0.2565, 0.8434, 0.1566, 0.1000, 293.09
336, 0.2562, 0.8434, 0.1566, 0.0996, 293.02
337, 0.2565, 0.8435, 0.1565, 0.1000, 287.33
338, 0.2567, 0.8434, 0.1566, 0.1001, 253.62
339, 0.2559, 0.8435, 0.1565, 0.0994, 253.87
340, 0.2586, 0.8426, 0.1574, 0.1012, 253.76
341, 0.2570, 0.8431, 0.1569, 0.1000, 253.68
342, 0.2571, 0.8432, 0.1568, 0.1003, 253.68
343, 0.2549, 0.8440, 0.1560, 0.0989, 253.70
344, 0.2552, 0.8440, 0.1560, 0.0992, 253.88
345, 0.2551, 0.8444, 0.1556, 0.0996, 253.34
346, 0.2556, 0.8439, 0.1561, 0.0994, 253.73
347, 0.2548, 0.8440, 0.1560, 0.0988, 253.65
348, 0.2539, 0.8444, 0.1556, 0.0983, 253.30
349, 0.2550, 0.8440, 0.1560, 0.0989, 253.35
350, 0.2554, 0.8441, 0.1559, 0.0996, 253.25
351, 0.2541, 0.8445, 0.1555, 0.0986, 253.43
352, 0.2544, 0.8444, 0.1556, 0.0988, 253.52
353, 0.2534, 0.8449, 0.1551, 0.0982, 253.79
354, 0.2538, 0.8447, 0.1553, 0.0986, 253.57
355, 0.2561, 0.8439, 0.1561, 0.1000, 253.73
356, 0.2541, 0.8446, 0.1554, 0.0987, 253.73
357, 0.2537, 0.8448, 0.1552, 0.0985, 253.61
358, 0.2531, 0.8451, 0.1549, 0.0982, 253.34
359, 0.2529, 0.8451, 0.1549, 0.0980, 253.61
360, 0.2513, 0.8459, 0.1541, 0.0972, 253.53
361, 0.2530, 0.8451, 0.1549, 0.0982, 253.11
362, 0.2525, 0.8452, 0.1548, 0.0977, 253.22
363, 0.2519, 0.8457, 0.1543, 0.0976, 253.67
364, 0.2526, 0.8452, 0.1548, 0.0977, 253.17
365, 0.2540, 0.8450, 0.1550, 0.0991, 253.48
366, 0.2516, 0.8458, 0.1542, 0.0973, 253.57
367, 0.2527, 0.8453, 0.1547, 0.0980, 253.34
368, 0.2523, 0.8455, 0.1545, 0.0978, 253.53
369, 0.2503, 0.8466, 0.1534, 0.0968, 253.32
370, 0.2531, 0.8452, 0.1548, 0.0983, 253.53
371, 0.2514, 0.8460, 0.1540, 0.0974, 252.24
372, 0.2527, 0.8455, 0.1545, 0.0981, 253.67
373, 0.2507, 0.8461, 0.1539, 0.0968, 253.35
374, 0.2515, 0.8460, 0.1540, 0.0975, 253.04
375, 0.2513, 0.8460, 0.1540, 0.0973, 253.51
376, 0.2514, 0.8459, 0.1541, 0.0974, 252.81
377, 0.2509, 0.8462, 0.1538, 0.0971, 253.59
378, 0.2507, 0.8462, 0.1538, 0.0969, 266.97
379, 0.2506, 0.8467, 0.1533, 0.0973, 266.05
380, 0.2488, 0.8472, 0.1528, 0.0960, 287.73
381, 0.2507, 0.8465, 0.1535, 0.0972, 285.92
382, 0.2504, 0.8466, 0.1534, 0.0970, 287.35
383, 0.2499, 0.8467, 0.1533, 0.0966, 287.54
384, 0.2499, 0.8468, 0.1532, 0.0967, 286.41
385, 0.2496, 0.8468, 0.1532, 0.0964, 287.99
386, 0.2504, 0.8464, 0.1536, 0.0968, 287.42
387, 0.2495, 0.8471, 0.1529, 0.0966, 286.61
388, 0.2497, 0.8470, 0.1530, 0.0967, 287.76
389, 0.2498, 0.8468, 0.1532, 0.0966, 287.61
390, 0.2487, 0.8472, 0.1528, 0.0959, 287.62
391, 0.2491, 0.8472, 0.1528, 0.0963, 288.42
392, 0.2501, 0.8468, 0.1532, 0.0969, 271.76
393, 0.2498, 0.8470, 0.1530, 0.0968, 253.50
394, 0.2484, 0.8475, 0.1525, 0.0959, 253.18
395, 0.2485, 0.8476, 0.1524, 0.0961, 253.42
396, 0.2492, 0.8473, 0.1527, 0.0966, 253.67
397, 0.2484, 0.8475, 0.1525, 0.0959, 254.01
398, 0.2474, 0.8481, 0.1519, 0.0954, 253.35
399, 0.2471, 0.8481, 0.1519, 0.0953, 253.77
400, 0.2479, 0.8480, 0.1520, 0.0959, 253.34
401, 0.2475, 0.8478, 0.1522, 0.0952, 253.23
402, 0.2488, 0.8477, 0.1523, 0.0964, 252.97
403, 0.2466, 0.8483, 0.1517, 0.0949, 253.18
404, 0.2478, 0.8478, 0.1522, 0.0956, 253.41
405, 0.2471, 0.8480, 0.1520, 0.0951, 253.77
406, 0.2472, 0.8481, 0.1519, 0.0953, 253.33
407, 0.2485, 0.8481, 0.1519, 0.0966, 253.32
408, 0.2472, 0.8483, 0.1517, 0.0955, 253.78
409, 0.2453, 0.8489, 0.1511, 0.0943, 253.33
410, 0.2449, 0.8494, 0.1506, 0.0943, 253.28
411, 0.2452, 0.8490, 0.1510, 0.0942, 253.32
412, 0.2455, 0.8489, 0.1511, 0.0944, 253.54
413, 0.2468, 0.8481, 0.1519, 0.0949, 253.41
414, 0.2477, 0.8480, 0.1520, 0.0957, 253.61
415, 0.2455, 0.8488, 0.1512, 0.0943, 253.20
416, 0.2467, 0.8484, 0.1516, 0.0951, 253.16
417, 0.2486, 0.8483, 0.1517, 0.0969, 253.26
418, 0.2462, 0.8487, 0.1513, 0.0949, 253.38
419, 0.2462, 0.8489, 0.1511, 0.0951, 332.01
420, 0.2462, 0.8489, 0.1511, 0.0950, 514.17
421, 0.2449, 0.8494, 0.1506, 0.0943, 513.80
422, 0.2455, 0.8488, 0.1512, 0.0943, 514.52
423, 0.2446, 0.8493, 0.1507, 0.0940, 513.98
424, 0.2454, 0.8495, 0.1505, 0.0950, 514.20
425, 0.2447, 0.8495, 0.1505, 0.0941, 514.27
426, 0.2455, 0.8491, 0.1509, 0.0946, 514.57
427, 0.2448, 0.8493, 0.1507, 0.0941, 514.42
428, 0.2444, 0.8497, 0.1503, 0.0941, 514.11
429, 0.2462, 0.8488, 0.1512, 0.0949, 513.60
430, 0.2452, 0.8490, 0.1510, 0.0942, 513.19
431, 0.2461, 0.8488, 0.1512, 0.0949, 514.17
432, 0.2467, 0.8488, 0.1512, 0.0955, 514.55
433, 0.2444, 0.8496, 0.1504, 0.0940, 513.96
434, 0.2438, 0.8499, 0.1501, 0.0938, 514.38
435, 0.2436, 0.8500, 0.1500, 0.0936, 514.28
436, 0.2438, 0.8500, 0.1500, 0.0938, 514.19
437, 0.2452, 0.8494, 0.1506, 0.0945, 514.06
438, 0.2435, 0.8502, 0.1498, 0.0936, 514.13
439, 0.2456, 0.8495, 0.1505, 0.0951, 514.52
440, 0.2446, 0.8497, 0.1503, 0.0943, 514.11
441, 0.2429, 0.8504, 0.1496, 0.0934, 514.12
442, 0.2432, 0.8503, 0.1497, 0.0935, 514.05
443, 0.2440, 0.8498, 0.1502, 0.0938, 514.08
444, 0.2444, 0.8499, 0.1501, 0.0943, 514.31
445, 0.2412, 0.8511, 0.1489, 0.0923, 514.47
446, 0.2427, 0.8506, 0.1494, 0.0934, 514.12
447, 0.2417, 0.8510, 0.1490, 0.0927, 514.13
448, 0.2432, 0.8503, 0.1497, 0.0935, 514.27
449, 0.2423, 0.8507, 0.1493, 0.0931, 513.83
450, 0.2424, 0.8507, 0.1493, 0.0931, 514.45
451, 0.2423, 0.8506, 0.1494, 0.0929, 514.44
452, 0.2434, 0.8502, 0.1498, 0.0936, 514.51
453, 0.2422, 0.8508, 0.1492, 0.0930, 555.81
454, 0.2416, 0.8510, 0.1490, 0.0926, 565.94
455, 0.2412, 0.8512, 0.1488, 0.0924, 565.97
456, 0.2410, 0.8514, 0.1486, 0.0923, 566.33
457, 0.2420, 0.8510, 0.1490, 0.0930, 565.16
458, 0.2407, 0.8515, 0.1485, 0.0921, 566.10
459, 0.2409, 0.8512, 0.1488, 0.0921, 566.81
460, 0.2415, 0.8511, 0.1489, 0.0926, 566.09
461, 0.2420, 0.8510, 0.1490, 0.0929, 565.03
462, 0.2406, 0.8516, 0.1484, 0.0923, 565.14
463, 0.2423, 0.8509, 0.1491, 0.0932, 564.93
464, 0.2401, 0.8517, 0.1483, 0.0918, 564.73
465, 0.2413, 0.8511, 0.1489, 0.0925, 564.48
466, 0.2414, 0.8511, 0.1489, 0.0925, 564.99
467, 0.2394, 0.8522, 0.1478, 0.0916, 564.10
468, 0.2416, 0.8513, 0.1487, 0.0929, 564.53
469, 0.2407, 0.8516, 0.1484, 0.0922, 563.70
470, 0.2405, 0.8519, 0.1481, 0.0924, 564.89
471, 0.2398, 0.8518, 0.1482, 0.0916, 563.89
472, 0.2395, 0.8521, 0.1479, 0.0916, 564.85
473, 0.2399, 0.8520, 0.1480, 0.0919, 563.70
474, 0.2416, 0.8513, 0.1487, 0.0929, 564.37
475, 0.2409, 0.8515, 0.1485, 0.0924, 565.32
476, 0.2402, 0.8520, 0.1480, 0.0922, 566.29
477, 0.2406, 0.8522, 0.1478, 0.0928, 564.82
478, 0.2398, 0.8520, 0.1480, 0.0919, 564.78
479, 0.2387, 0.8525, 0.1475, 0.0912, 565.04
480, 0.2398, 0.8522, 0.1478, 0.0920, 563.14
481, 0.2392, 0.8523, 0.1477, 0.0915, 564.46
482, 0.2395, 0.8522, 0.1478, 0.0917, 565.08
483, 0.2393, 0.8524, 0.1476, 0.0917, 565.40
484, 0.2411, 0.8517, 0.1483, 0.0929, 564.97
485, 0.2389, 0.8524, 0.1476, 0.0913, 564.55
486, 0.2380, 0.8529, 0.1471, 0.0909, 565.51
487, 0.2377, 0.8530, 0.1470, 0.0907, 565.28
488, 0.2403, 0.8524, 0.1476, 0.0927, 565.99
489, 0.2390, 0.8525, 0.1475, 0.0914, 566.09
490, 0.2388, 0.8525, 0.1475, 0.0913, 564.29
491, 0.2391, 0.8524, 0.1476, 0.0915, 564.43
492, 0.2397, 0.8524, 0.1476, 0.0921, 566.19
493, 0.2377, 0.8531, 0.1469, 0.0908, 565.74
494, 0.2392, 0.8525, 0.1475, 0.0917, 564.35
495, 0.2388, 0.8526, 0.1474, 0.0915, 564.79
496, 0.2382, 0.8528, 0.1472, 0.0910, 564.75
497, 0.2386, 0.8527, 0.1473, 0.0913, 564.70
498, 0.2380, 0.8531, 0.1469, 0.0912, 564.79
499, 0.2386, 0.8528, 0.1472, 0.0913, 564.76
500, 0.2391, 0.8525, 0.1475, 0.0917, 564.19
501, 0.2386, 0.8526, 0.1474, 0.0912, 563.69
502, 0.2392, 0.8528, 0.1472, 0.0920, 564.40
503, 0.2380, 0.8530, 0.1470, 0.0911, 564.15
504, 0.2381, 0.8529, 0.1471, 0.0910, 565.54
505, 0.2364, 0.8538, 0.1462, 0.0902, 564.51
506, 0.2375, 0.8532, 0.1468, 0.0907, 564.53
507, 0.2380, 0.8529, 0.1471, 0.0909, 563.96
508, 0.2389, 0.8526, 0.1474, 0.0914, 562.29
509, 0.2376, 0.8533, 0.1467, 0.0910, 563.89
510, 0.2386, 0.8530, 0.1470, 0.0916, 561.37
511, 0.2360, 0.8539, 0.1461, 0.0899, 562.60
512, 0.2393, 0.8527, 0.1473, 0.0921, 562.37
513, 0.2371, 0.8534, 0.1466, 0.0905, 563.57
514, 0.2359, 0.8539, 0.1461, 0.0899, 563.47
515, 0.2379, 0.8532, 0.1468, 0.0911, 564.13
516, 0.2381, 0.8531, 0.1469, 0.0912, 565.54
517, 0.2381, 0.8533, 0.1467, 0.0914, 565.98
518, 0.2352, 0.8542, 0.1458, 0.0895, 564.32
519, 0.2360, 0.8538, 0.1462, 0.0898, 563.31
520, 0.2365, 0.8539, 0.1461, 0.0905, 564.22
521, 0.2371, 0.8534, 0.1466, 0.0906, 567.75
522, 0.2360, 0.8540, 0.1460, 0.0899, 575.22
523, 0.2372, 0.8536, 0.1464, 0.0908, 564.34
524, 0.2350, 0.8544, 0.1456, 0.0895, 564.60
525, 0.2357, 0.8542, 0.1458, 0.0899, 563.96
526, 0.2360, 0.8541, 0.1459, 0.0901, 563.42
527, 0.2363, 0.8538, 0.1462, 0.0900, 564.87
528, 0.2363, 0.8538, 0.1462, 0.0901, 570.11
529, 0.2357, 0.8542, 0.1458, 0.0899, 595.58
530, 0.2369, 0.8536, 0.1464, 0.0905, 596.17
531, 0.2369, 0.8537, 0.1463, 0.0906, 596.93
532, 0.2371, 0.8535, 0.1465, 0.0906, 601.80
533, 0.2346, 0.8546, 0.1454, 0.0892, 603.65
534, 0.2344, 0.8549, 0.1451, 0.0893, 604.84
535, 0.2356, 0.8542, 0.1458, 0.0897, 597.24
536, 0.2357, 0.8539, 0.1461, 0.0896, 593.75
537, 0.2352, 0.8543, 0.1457, 0.0895, 594.06
538, 0.2363, 0.8542, 0.1458, 0.0905, 594.83
539, 0.2342, 0.8548, 0.1452, 0.0890, 594.26
540, 0.2370, 0.8540, 0.1460, 0.0910, 593.91
541, 0.2371, 0.8541, 0.1459, 0.0912, 594.25
542, 0.2352, 0.8544, 0.1456, 0.0896, 594.84
543, 0.2354, 0.8546, 0.1454, 0.0899, 604.76
544, 0.2342, 0.8548, 0.1452, 0.0890, 605.57
545, 0.2352, 0.8545, 0.1455, 0.0897, 604.04
546, 0.2357, 0.8543, 0.1457, 0.0900, 604.87
547, 0.2330, 0.8554, 0.1446, 0.0884, 604.88
548, 0.2361, 0.8541, 0.1459, 0.0902, 604.26
549, 0.2339, 0.8550, 0.1450, 0.0889, 604.49
550, 0.2341, 0.8548, 0.1452, 0.0890, 605.07
551, 0.2347, 0.8547, 0.1453, 0.0894, 601.45
552, 0.2344, 0.8548, 0.1452, 0.0892, 596.26
553, 0.2351, 0.8547, 0.1453, 0.0898, 595.78
554, 0.2336, 0.8553, 0.1447, 0.0890, 594.97
555, 0.2351, 0.8546, 0.1454, 0.0897, 597.00
556, 0.2333, 0.8554, 0.1446, 0.0887, 597.41
557, 0.2335, 0.8553, 0.1447, 0.0888, 604.63
558, 0.2348, 0.8547, 0.1453, 0.0895, 604.82
559, 0.2324, 0.8557, 0.1443, 0.0881, 605.20
560, 0.2336, 0.8553, 0.1447, 0.0890, 604.90
561, 0.2338, 0.8553, 0.1447, 0.0891, 604.80
562, 0.2331, 0.8554, 0.1446, 0.0884, 605.20
563, 0.2347, 0.8548, 0.1452, 0.0895, 603.70
564, 0.2323, 0.8558, 0.1442, 0.0881, 605.15
565, 0.2338, 0.8552, 0.1448, 0.0890, 604.62
566, 0.2329, 0.8556, 0.1444, 0.0885, 604.22
567, 0.2324, 0.8558, 0.1442, 0.0882, 605.21
568, 0.2347, 0.8549, 0.1451, 0.0896, 604.90
569, 0.2333, 0.8554, 0.1446, 0.0887, 604.29
570, 0.2326, 0.8557, 0.1443, 0.0883, 603.91
571, 0.2326, 0.8560, 0.1440, 0.0886, 604.43
572, 0.2336, 0.8552, 0.1448, 0.0888, 604.97
573, 0.2325, 0.8558, 0.1442, 0.0883, 605.18
574, 0.2329, 0.8556, 0.1444, 0.0885, 604.83
575, 0.2330, 0.8556, 0.1444, 0.0886, 605.57
576, 0.2315, 0.8562, 0.1438, 0.0877, 603.77
577, 0.2335, 0.8553, 0.1447, 0.0889, 605.06
578, 0.2327, 0.8558, 0.1442, 0.0885, 604.05
579, 0.2319, 0.8561, 0.1439, 0.0879, 604.09
580, 0.2321, 0.8561, 0.1439, 0.0882, 604.80
581, 0.2320, 0.8561, 0.1439, 0.0882, 605.05
582, 0.2329, 0.8555, 0.1445, 0.0884, 605.03
583, 0.2322, 0.8560, 0.1440, 0.0882, 605.11
584, 0.2314, 0.8566, 0.1434, 0.0880, 604.97
585, 0.2321, 0.8561, 0.1439, 0.0882, 601.44
586, 0.2319, 0.8562, 0.1438, 0.0881, 598.18
587, 0.2319, 0.8562, 0.1438, 0.0880, 598.08
588, 0.2317, 0.8563, 0.1437, 0.0880, 597.57
589, 0.2309, 0.8566, 0.1434, 0.0875, 597.31
590, 0.2332, 0.8555, 0.1445, 0.0888, 596.86
591, 0.2339, 0.8556, 0.1444, 0.0895, 597.90
592, 0.2324, 0.8561, 0.1439, 0.0885, 597.78
593, 0.2317, 0.8562, 0.1438, 0.0879, 597.08
594, 0.2319, 0.8563, 0.1437, 0.0881, 597.72
595, 0.2309, 0.8568, 0.1432, 0.0877, 597.69
596, 0.2310, 0.8564, 0.1436, 0.0875, 597.46
597, 0.2319, 0.8561, 0.1439, 0.0880, 597.50
598, 0.2323, 0.8562, 0.1438, 0.0885, 597.68
599, 0.2308, 0.8566, 0.1434, 0.0874, 598.12
600, 0.2312, 0.8565, 0.1435, 0.0877, 598.03
601, 0.2321, 0.8562, 0.1438, 0.0883, 594.05
602, 0.2312, 0.8566, 0.1434, 0.0878, 544.28
603, 0.2325, 0.8561, 0.1439, 0.0886, 543.37
604, 0.2310, 0.8568, 0.1432, 0.0877, 544.66
605, 0.2314, 0.8564, 0.1436, 0.0878, 551.44
606, 0.2301, 0.8570, 0.1430, 0.0871, 551.92
607, 0.2314, 0.8565, 0.1435, 0.0879, 551.50
608, 0.2321, 0.8563, 0.1437, 0.0884, 552.51
609, 0.2313, 0.8564, 0.1436, 0.0877, 552.33
610, 0.2308, 0.8570, 0.1430, 0.0878, 551.97
611, 0.2313, 0.8566, 0.1434, 0.0879, 572.58
612, 0.2304, 0.8569, 0.1431, 0.0873, 604.58
613, 0.2312, 0.8567, 0.1433, 0.0879, 605.53
614, 0.2316, 0.8566, 0.1434, 0.0882, 604.47
615, 0.2311, 0.8565, 0.1435, 0.0877, 605.77
616, 0.2310, 0.8570, 0.1430, 0.0880, 604.70
617, 0.2293, 0.8575, 0.1425, 0.0868, 604.73
618, 0.2314, 0.8565, 0.1435, 0.0879, 605.38
619, 0.2296, 0.8572, 0.1428, 0.0869, 605.07
620, 0.2304, 0.8570, 0.1430, 0.0874, 605.26
621, 0.2301, 0.8573, 0.1427, 0.0875, 605.71
622, 0.2308, 0.8569, 0.1431, 0.0877, 605.78
623, 0.2300, 0.8572, 0.1428, 0.0872, 604.16
624, 0.2302, 0.8571, 0.1429, 0.0873, 594.69
625, 0.2305, 0.8571, 0.1429, 0.0876, 601.22
626, 0.2314, 0.8566, 0.1434, 0.0881, 600.69
627, 0.2301, 0.8571, 0.1429, 0.0872, 603.03
628, 0.2292, 0.8576, 0.1424, 0.0869, 605.10
629, 0.2329, 0.8564, 0.1436, 0.0893, 605.34
630, 0.2300, 0.8572, 0.1428, 0.0872, 603.87
631, 0.2297, 0.8573, 0.1427, 0.0870, 604.11
632, 0.2296, 0.8576, 0.1424, 0.0872, 604.73
633, 0.2299, 0.8571, 0.1429, 0.0871, 604.63
634, 0.2285, 0.8577, 0.1423, 0.0863, 604.45
635, 0.2289, 0.8577, 0.1423, 0.0866, 605.10
636, 0.2296, 0.8575, 0.1425, 0.0871, 605.07
637, 0.2294, 0.8575, 0.1425, 0.0869, 605.70
638, 0.2295, 0.8573, 0.1427, 0.0868, 604.98
639, 0.2301, 0.8573, 0.1427, 0.0874, 603.73
640, 0.2288, 0.8577, 0.1423, 0.0865, 605.25
641, 0.2300, 0.8573, 0.1427, 0.0873, 605.29
642, 0.2301, 0.8572, 0.1428, 0.0873, 604.56
643, 0.2291, 0.8577, 0.1423, 0.0868, 605.01
644, 0.2305, 0.8571, 0.1429, 0.0876, 600.39
645, 0.2281, 0.8581, 0.1419, 0.0862, 607.12
646, 0.2286, 0.8578, 0.1422, 0.0864, 607.38
647, 0.2290, 0.8577, 0.1423, 0.0867, 607.09
648, 0.2291, 0.8577, 0.1423, 0.0868, 607.47
649, 0.2289, 0.8578, 0.1422, 0.0867, 607.27
650, 0.2279, 0.8583, 0.1417, 0.0862, 607.02
651, 0.2276, 0.8582, 0.1418, 0.0858, 607.55
652, 0.2281, 0.8582, 0.1418, 0.0863, 606.98
653, 0.2288, 0.8579, 0.1421, 0.0868, 607.60
654, 0.2293, 0.8576, 0.1424, 0.0869, 607.45
655, 0.2278, 0.8582, 0.1418, 0.0860, 607.03
656, 0.2288, 0.8579, 0.1421, 0.0867, 581.43
657, 0.2299, 0.8574, 0.1426, 0.0873, 566.26
658, 0.2284, 0.8580, 0.1420, 0.0864, 565.35
659, 0.2281, 0.8581, 0.1419, 0.0862, 565.94
660, 0.2282, 0.8583, 0.1417, 0.0865, 566.28
661, 0.2272, 0.8586, 0.1414, 0.0858, 566.50
662, 0.2291, 0.8579, 0.1421, 0.0870, 566.26
663, 0.2270, 0.8586, 0.1414, 0.0856, 565.91
664, 0.2286, 0.8580, 0.1420, 0.0867, 566.12
665, 0.2294, 0.8579, 0.1421, 0.0873, 566.04
666, 0.2284, 0.8582, 0.1418, 0.0866, 564.05
667, 0.2264, 0.8590, 0.1410, 0.0854, 565.69
668, 0.2290, 0.8577, 0.1423, 0.0868, 566.27
669, 0.2273, 0.8586, 0.1414, 0.0859, 566.55
670, 0.2282, 0.8583, 0.1417, 0.0865, 565.91
671, 0.2259, 0.8593, 0.1407, 0.0851, 565.53
672, 0.2271, 0.8587, 0.1413, 0.0858, 565.98
673, 0.2293, 0.8577, 0.1423, 0.0870, 565.74
674, 0.2289, 0.8578, 0.1422, 0.0867, 566.24
675, 0.2264, 0.8590, 0.1410, 0.0853, 565.72
676, 0.2263, 0.8591, 0.1409, 0.0854, 566.73
677, 0.2273, 0.8585, 0.1415, 0.0858, 565.72
678, 0.2275, 0.8585, 0.1415, 0.0860, 565.55
679, 0.2273, 0.8587, 0.1413, 0.0859, 566.39
680, 0.2279, 0.8584, 0.1416, 0.0863, 566.27
681, 0.2282, 0.8582, 0.1418, 0.0863, 566.31
682, 0.2273, 0.8588, 0.1412, 0.0860, 566.36
683, 0.2268, 0.8588, 0.1412, 0.0856, 567.17
684, 0.2279, 0.8585, 0.1415, 0.0864, 566.50
685, 0.2281, 0.8582, 0.1418, 0.0863, 566.77
686, 0.2275, 0.8586, 0.1414, 0.0862, 565.87
687, 0.2268, 0.8588, 0.1412, 0.0856, 565.76
688, 0.2269, 0.8588, 0.1412, 0.0857, 566.60
689, 0.2265, 0.8591, 0.1409, 0.0856, 564.84
690, 0.2275, 0.8586, 0.1414, 0.0861, 566.16
691, 0.2290, 0.8579, 0.1421, 0.0870, 566.05
692, 0.2257, 0.8593, 0.1407, 0.0850, 566.42
693, 0.2264, 0.8592, 0.1408, 0.0856, 566.40
694, 0.2266, 0.8589, 0.1411, 0.0855, 565.01
695, 0.2263, 0.8592, 0.1408, 0.0855, 566.02
696, 0.2262, 0.8591, 0.1409, 0.0853, 565.58
697, 0.2267, 0.8591, 0.1409, 0.0858, 566.12
698, 0.2254, 0.8597, 0.1403, 0.0851, 565.77
699, 0.2271, 0.8589, 0.1411, 0.0860, 565.86
700, 0.2288, 0.8579, 0.1421, 0.0868, 566.42
701, 0.2270, 0.8589, 0.1411, 0.0858, 566.54
702, 0.2260, 0.8592, 0.1408, 0.0851, 566.24
703, 0.2275, 0.8587, 0.1413, 0.0862, 566.13
704, 0.2260, 0.8592, 0.1408, 0.0851, 566.52
705, 0.2269, 0.8590, 0.1410, 0.0859, 566.16
706, 0.2260, 0.8592, 0.1408, 0.0852, 566.41
707, 0.2253, 0.8597, 0.1403, 0.0850, 566.71
708, 0.2275, 0.8587, 0.1413, 0.0862, 566.16
709, 0.2259, 0.8595, 0.1405, 0.0853, 566.18
710, 0.2260, 0.8593, 0.1407, 0.0852, 565.34
711, 0.2257, 0.8593, 0.1407, 0.0850, 565.42
712, 0.2269, 0.8593, 0.1407, 0.0862, 565.72
713, 0.2261, 0.8592, 0.1408, 0.0852, 565.75
714, 0.2254, 0.8597, 0.1403, 0.0851, 565.63
715, 0.2252, 0.8598, 0.1402, 0.0851, 565.53
716, 0.2260, 0.8594, 0.1406, 0.0854, 565.27
717, 0.2257, 0.8596, 0.1404, 0.0853, 564.95
718, 0.2268, 0.8591, 0.1409, 0.0860, 565.52
719, 0.2249, 0.8599, 0.1401, 0.0848, 574.83
720, 0.2265, 0.8593, 0.1407, 0.0859, 564.22
721, 0.2257, 0.8594, 0.1406, 0.0852, 563.73
722, 0.2256, 0.8596, 0.1404, 0.0852, 564.97
723, 0.2258, 0.8595, 0.1405, 0.0852, 565.03
724, 0.2246, 0.8601, 0.1399, 0.0846, 565.00
725, 0.2264, 0.8591, 0.1409, 0.0854, 565.11
726, 0.2274, 0.8588, 0.1412, 0.0862, 564.53
727, 0.2256, 0.8595, 0.1405, 0.0851, 564.72
728, 0.2264, 0.8592, 0.1408, 0.0856, 563.51
729, 0.2250, 0.8598, 0.1402, 0.0848, 563.79
730, 0.2260, 0.8594, 0.1406, 0.0854, 562.90
731, 0.2250, 0.8600, 0.1400, 0.0850, 563.41
732, 0.2249, 0.8598, 0.1402, 0.0847, 564.65
733, 0.2253, 0.8597, 0.1403, 0.0850, 565.09
734, 0.2250, 0.8596, 0.1404, 0.0847, 564.76
735, 0.2265, 0.8590, 0.1410, 0.0855, 565.70
736, 0.2240, 0.8603, 0.1397, 0.0843, 565.57
737, 0.2255, 0.8596, 0.1404, 0.0851, 565.30
738, 0.2243, 0.8601, 0.1399, 0.0845, 565.53
739, 0.2266, 0.8592, 0.1408, 0.0858, 565.34
740, 0.2260, 0.8593, 0.1407, 0.0853, 565.88
741, 0.2266, 0.8591, 0.1409, 0.0857, 565.16
742, 0.2250, 0.8598, 0.1402, 0.0849, 565.14
743, 0.2261, 0.8595, 0.1405, 0.0855, 565.22
744, 0.2249, 0.8599, 0.1401, 0.0848, 564.81
745, 0.2251, 0.8598, 0.1402, 0.0850, 564.42
746, 0.2257, 0.8594, 0.1406, 0.0851, 565.31
747, 0.2228, 0.8608, 0.1392, 0.0836, 565.63
748, 0.2248, 0.8601, 0.1399, 0.0848, 565.67
749, 0.2258, 0.8595, 0.1405, 0.0854, 563.38
750, 0.2252, 0.8597, 0.1403, 0.0849, 564.75
751, 0.2251, 0.8598, 0.1402, 0.0848, 565.20
752, 0.2237, 0.8606, 0.1394, 0.0843, 565.44
753, 0.2263, 0.8593, 0.1407, 0.0856, 565.66
754, 0.2243, 0.8603, 0.1397, 0.0846, 565.48
755, 0.2253, 0.8597, 0.1403, 0.0850, 565.41
756, 0.2248, 0.8600, 0.1400, 0.0848, 565.37
757, 0.2234, 0.8608, 0.1392, 0.0842, 564.84
758, 0.2256, 0.8595, 0.1405, 0.0851, 565.03
759, 0.2238, 0.8604, 0.1396, 0.0841, 564.67
760, 0.2247, 0.8602, 0.1398, 0.0849, 564.54
761, 0.2255, 0.8598, 0.1402, 0.0853, 565.75
762, 0.2241, 0.8603, 0.1397, 0.0844, 565.75
763, 0.2241, 0.8601, 0.1399, 0.0843, 565.09
764, 0.2243, 0.8602, 0.1398, 0.0845, 565.18
765, 0.2253, 0.8597, 0.1403, 0.0850, 565.51
766, 0.2243, 0.8603, 0.1397, 0.0846, 576.52
767, 0.2251, 0.8599, 0.1401, 0.0849, 574.08
768, 0.2235, 0.8607, 0.1393, 0.0843, 576.94
769, 0.2240, 0.8603, 0.1397, 0.0844, 570.31
770, 0.2245, 0.8601, 0.1399, 0.0846, 570.51
771, 0.2237, 0.8605, 0.1395, 0.0842, 576.61
772, 0.2250, 0.8599, 0.1401, 0.0849, 572.98
773, 0.2226, 0.8610, 0.1390, 0.0836, 573.25
774, 0.2232, 0.8607, 0.1393, 0.0839, 569.85
775, 0.2237, 0.8605, 0.1395, 0.0842, 582.33
776, 0.2231, 0.8607, 0.1393, 0.0838, 568.85
777, 0.2235, 0.8607, 0.1393, 0.0842, 572.84
778, 0.2226, 0.8610, 0.1390, 0.0836, 576.01
779, 0.2243, 0.8603, 0.1397, 0.0846, 576.33
780, 0.2236, 0.8604, 0.1396, 0.0841, 576.20
781, 0.2237, 0.8606, 0.1394, 0.0843, 576.70
782, 0.2257, 0.8596, 0.1404, 0.0853, 575.23
783, 0.2236, 0.8607, 0.1393, 0.0843, 569.61
784, 0.2226, 0.8609, 0.1391, 0.0835, 565.19
785, 0.2243, 0.8601, 0.1399, 0.0844, 564.87
786, 0.2240, 0.8604, 0.1396, 0.0844, 565.31
787, 0.2248, 0.8607, 0.1393, 0.0855, 565.69
788, 0.2244, 0.8602, 0.1398, 0.0846, 565.61
789, 0.2238, 0.8606, 0.1394, 0.0844, 565.56
790, 0.2224, 0.8611, 0.1389, 0.0835, 565.67
791, 0.2256, 0.8603, 0.1397, 0.0859, 565.57
792, 0.2225, 0.8611, 0.1389, 0.0836, 565.64
793, 0.2236, 0.8607, 0.1393, 0.0842, 565.56
794, 0.2226, 0.8610, 0.1390, 0.0836, 565.37
795, 0.2234, 0.8606, 0.1394, 0.0840, 565.51
796, 0.2243, 0.8604, 0.1396, 0.0847, 565.53
797, 0.2244, 0.8604, 0.1396, 0.0848, 565.45
798, 0.2236, 0.8606, 0.1394, 0.0842, 565.67
799, 0.2241, 0.8604, 0.1396, 0.0845, 565.89
800, 0.2220, 0.8613, 0.1387, 0.0833, 565.42
801, 0.2233, 0.8608, 0.1392, 0.0841, 565.53
802, 0.2235, 0.8607, 0.1393, 0.0842, 565.64
803, 0.2239, 0.8604, 0.1396, 0.0844, 565.11
804, 0.2228, 0.8609, 0.1391, 0.0837, 563.70
805, 0.2234, 0.8608, 0.1392, 0.0842, 565.34
806, 0.2243, 0.8604, 0.1396, 0.0847, 565.90
807, 0.2239, 0.8605, 0.1395, 0.0844, 565.64
808, 0.2223, 0.8613, 0.1387, 0.0836, 565.89
809, 0.2226, 0.8609, 0.1391, 0.0836, 564.71
810, 0.2239, 0.8605, 0.1395, 0.0844, 565.22
811, 0.2233, 0.8607, 0.1393, 0.0840, 565.97
812, 0.2235, 0.8606, 0.1394, 0.0841, 565.37
813, 0.2223, 0.8613, 0.1387, 0.0836, 565.22
814, 0.2223, 0.8612, 0.1388, 0.0835, 565.19
815, 0.2235, 0.8609, 0.1391, 0.0844, 565.73
816, 0.2227, 0.8613, 0.1387, 0.0840, 565.25
817, 0.2217, 0.8615, 0.1385, 0.0833, 565.55
818, 0.2222, 0.8612, 0.1388, 0.0834, 565.10
819, 0.2227, 0.8612, 0.1388, 0.0839, 564.95
820, 0.2219, 0.8614, 0.1386, 0.0833, 565.18
821, 0.2227, 0.8611, 0.1389, 0.0839, 565.24
822, 0.2228, 0.8611, 0.1389, 0.0838, 565.23
823, 0.2224, 0.8613, 0.1387, 0.0836, 564.88
824, 0.2208, 0.8620, 0.1380, 0.0828, 564.73
825, 0.2243, 0.8603, 0.1397, 0.0846, 564.86
826, 0.2217, 0.8615, 0.1385, 0.0832, 565.99
827, 0.2240, 0.8604, 0.1396, 0.0844, 565.04
828, 0.2222, 0.8612, 0.1388, 0.0834, 582.37
829, 0.2232, 0.8608, 0.1392, 0.0840, 564.86
830, 0.2225, 0.8611, 0.1389, 0.0836, 564.89
831, 0.2232, 0.8607, 0.1393, 0.0839, 563.00
832, 0.2220, 0.8614, 0.1386, 0.0834, 565.00
833, 0.2213, 0.8617, 0.1383, 0.0831, 565.21
834, 0.2229, 0.8612, 0.1388, 0.0840, 565.21
835, 0.2224, 0.8613, 0.1387, 0.0837, 564.90
836, 0.2229, 0.8610, 0.1390, 0.0838, 565.10
837, 0.2222, 0.8612, 0.1388, 0.0834, 565.16
838, 0.2215, 0.8617, 0.1383, 0.0832, 565.19
839, 0.2223, 0.8612, 0.1388, 0.0836, 564.75
840, 0.2231, 0.8609, 0.1391, 0.0840, 565.48
841, 0.2225, 0.8610, 0.1390, 0.0835, 564.88
842, 0.2234, 0.8609, 0.1391, 0.0842, 565.35
843, 0.2216, 0.8618, 0.1382, 0.0834, 565.11
844, 0.2231, 0.8609, 0.1391, 0.0840, 565.41
845, 0.2219, 0.8616, 0.1384, 0.0835, 564.82
846, 0.2231, 0.8610, 0.1390, 0.0840, 564.98
847, 0.2236, 0.8607, 0.1393, 0.0843, 565.57
848, 0.2220, 0.8615, 0.1385, 0.0835, 564.84
849, 0.2229, 0.8609, 0.1391, 0.0838, 564.72
850, 0.2229, 0.8611, 0.1389, 0.0841, 565.16
851, 0.2225, 0.8611, 0.1389, 0.0836, 564.99
852, 0.2235, 0.8607, 0.1393, 0.0843, 565.16
853, 0.2227, 0.8612, 0.1388, 0.0839, 564.97
854, 0.2222, 0.8613, 0.1387, 0.0835, 565.28
855, 0.2223, 0.8612, 0.1388, 0.0834, 565.36
856, 0.2227, 0.8612, 0.1388, 0.0839, 564.96
857, 0.2212, 0.8619, 0.1381, 0.0831, 564.83
858, 0.2215, 0.8618, 0.1382, 0.0833, 565.16
859, 0.2212, 0.8618, 0.1382, 0.0830, 563.33
860, 0.2219, 0.8617, 0.1383, 0.0836, 565.16
861, 0.2220, 0.8616, 0.1384, 0.0836, 565.04
862, 0.2221, 0.8612, 0.1388, 0.0834, 564.53
863, 0.2210, 0.8619, 0.1381, 0.0829, 564.63
864, 0.2232, 0.8608, 0.1392, 0.0840, 564.83
865, 0.2214, 0.8617, 0.1383, 0.0831, 564.77
866, 0.2221, 0.8612, 0.1388, 0.0834, 564.75
867, 0.2221, 0.8616, 0.1384, 0.0837, 565.33
868, 0.2222, 0.8615, 0.1385, 0.0837, 564.97
869, 0.2216, 0.8617, 0.1383, 0.0833, 564.80
870, 0.2216, 0.8618, 0.1382, 0.0833, 564.60
871, 0.2216, 0.8616, 0.1384, 0.0832, 561.39
872, 0.2223, 0.8613, 0.1387, 0.0836, 564.38
873, 0.2212, 0.8619, 0.1381, 0.0831, 565.34
874, 0.2213, 0.8620, 0.1380, 0.0833, 564.71
875, 0.2220, 0.8614, 0.1386, 0.0834, 564.76
876, 0.2227, 0.8613, 0.1387, 0.0840, 564.79
877, 0.2205, 0.8621, 0.1379, 0.0827, 564.67
878, 0.2206, 0.8622, 0.1378, 0.0828, 564.97
879, 0.2214, 0.8618, 0.1382, 0.0832, 563.77
880, 0.2211, 0.8620, 0.1380, 0.0831, 563.54
881, 0.2214, 0.8618, 0.1382, 0.0832, 563.58
882, 0.2210, 0.8621, 0.1379, 0.0831, 563.65
883, 0.2205, 0.8623, 0.1377, 0.0828, 564.47
884, 0.2203, 0.8623, 0.1377, 0.0826, 564.61
885, 0.2216, 0.8617, 0.1383, 0.0833, 564.79
886, 0.2204, 0.8624, 0.1376, 0.0828, 567.59
887, 0.2216, 0.8617, 0.1383, 0.0834, 568.75
888, 0.2205, 0.8622, 0.1378, 0.0827, 582.65
889, 0.2204, 0.8624, 0.1376, 0.0828, 574.25
890, 0.2215, 0.8619, 0.1381, 0.0834, 579.87
891, 0.2210, 0.8619, 0.1381, 0.0830, 571.96
892, 0.2216, 0.8617, 0.1383, 0.0833, 587.69
893, 0.2215, 0.8617, 0.1383, 0.0832, 579.01
894, 0.2202, 0.8621, 0.1379, 0.0824, 578.57
895, 0.2218, 0.8617, 0.1383, 0.0834, 582.35
896, 0.2208, 0.8622, 0.1378, 0.0829, 577.09
897, 0.2231, 0.8615, 0.1385, 0.0846, 583.96
898, 0.2216, 0.8617, 0.1383, 0.0833, 576.78
899, 0.2210, 0.8619, 0.1381, 0.0829, 577.19
900, 0.2200, 0.8625, 0.1375, 0.0824, 589.02
901, 0.2207, 0.8621, 0.1379, 0.0828, 578.37
902, 0.2222, 0.8613, 0.1387, 0.0835, 578.60
903, 0.2216, 0.8618, 0.1382, 0.0834, 583.25
904, 0.2217, 0.8617, 0.1383, 0.0835, 574.01
905, 0.2213, 0.8619, 0.1381, 0.0832, 584.08
906, 0.2198, 0.8625, 0.1375, 0.0824, 574.11
907, 0.2211, 0.8619, 0.1381, 0.0830, 574.57
908, 0.2203, 0.8622, 0.1378, 0.0826, 587.33
909, 0.2220, 0.8615, 0.1385, 0.0835, 580.05
910, 0.2205, 0.8623, 0.1377, 0.0828, 578.70
911, 0.2205, 0.8622, 0.1378, 0.0826, 586.91
912, 0.2205, 0.8621, 0.1379, 0.0826, 581.93
913, 0.2214, 0.8619, 0.1381, 0.0832, 584.44
914, 0.2219, 0.8614, 0.1386, 0.0832, 585.82
915, 0.2202, 0.8624, 0.1376, 0.0826, 592.27
916, 0.2206, 0.8621, 0.1379, 0.0828, 583.55
917, 0.2209, 0.8621, 0.1379, 0.0830, 590.16
918, 0.2207, 0.8621, 0.1379, 0.0828, 583.54
919, 0.2208, 0.8620, 0.1380, 0.0829, 583.94
920, 0.2212, 0.8619, 0.1381, 0.0830, 585.90
921, 0.2206, 0.8621, 0.1379, 0.0827, 574.70
922, 0.2200, 0.8624, 0.1376, 0.0824, 564.37
923, 0.2209, 0.8620, 0.1380, 0.0829, 564.74
924, 0.2204, 0.8623, 0.1377, 0.0826, 564.57
925, 0.2202, 0.8626, 0.1374, 0.0827, 564.63
926, 0.2207, 0.8620, 0.1380, 0.0827, 565.16
927, 0.2216, 0.8616, 0.1384, 0.0832, 565.30
928, 0.2232, 0.8612, 0.1388, 0.0844, 564.94
929, 0.2214, 0.8617, 0.1383, 0.0832, 571.95
930, 0.2194, 0.8627, 0.1373, 0.0820, 582.50
931, 0.2206, 0.8623, 0.1377, 0.0829, 580.55
932, 0.2216, 0.8615, 0.1385, 0.0831, 583.82
933, 0.2209, 0.8620, 0.1380, 0.0829, 579.89
934, 0.2214, 0.8619, 0.1381, 0.0833, 586.40
935, 0.2200, 0.8624, 0.1376, 0.0824, 577.37
936, 0.2210, 0.8620, 0.1380, 0.0831, 586.91
937, 0.2206, 0.8621, 0.1379, 0.0827, 577.99
938, 0.2208, 0.8620, 0.1380, 0.0828, 587.03
939, 0.2199, 0.8625, 0.1375, 0.0824, 577.19
940, 0.2208, 0.8620, 0.1380, 0.0828, 587.75
941, 0.2202, 0.8622, 0.1378, 0.0824, 582.67
942, 0.2201, 0.8624, 0.1376, 0.0826, 580.22
943, 0.2210, 0.8620, 0.1380, 0.0830, 586.96
944, 0.2200, 0.8624, 0.1376, 0.0824, 576.54
945, 0.2202, 0.8625, 0.1375, 0.0826, 586.13
946, 0.2207, 0.8621, 0.1379, 0.0827, 576.59
947, 0.2200, 0.8624, 0.1376, 0.0825, 586.47
948, 0.2207, 0.8621, 0.1379, 0.0827, 576.74
949, 0.2195, 0.8629, 0.1371, 0.0824, 587.27
950, 0.2208, 0.8622, 0.1378, 0.0830, 577.84
951, 0.2198, 0.8625, 0.1375, 0.0823, 584.80
952, 0.2217, 0.8617, 0.1383, 0.0834, 579.82
953, 0.2211, 0.8618, 0.1382, 0.0830, 584.02
954, 0.2205, 0.8621, 0.1379, 0.0826, 584.39
955, 0.2208, 0.8622, 0.1378, 0.0830, 579.00
956, 0.2206, 0.8624, 0.1376, 0.0830, 586.54
957, 0.2212, 0.8620, 0.1380, 0.0831, 576.75
958, 0.2208, 0.8622, 0.1378, 0.0831, 585.02
959, 0.2200, 0.8625, 0.1375, 0.0825, 565.23
960, 0.2229, 0.8614, 0.1386, 0.0843, 565.26
961, 0.2203, 0.8623, 0.1377, 0.0826, 564.38
962, 0.2217, 0.8617, 0.1383, 0.0834, 564.61
963, 0.2194, 0.8627, 0.1373, 0.0821, 564.74
964, 0.2211, 0.8618, 0.1382, 0.0830, 565.05
965, 0.2203, 0.8625, 0.1375, 0.0828, 564.79
966, 0.2200, 0.8626, 0.1374, 0.0826, 564.44
967, 0.2209, 0.8620, 0.1380, 0.0829, 564.86
968, 0.2198, 0.8626, 0.1374, 0.0824, 564.90
969, 0.2201, 0.8624, 0.1376, 0.0824, 562.72
970, 0.2200, 0.8624, 0.1376, 0.0825, 564.10
971, 0.2195, 0.8627, 0.1373, 0.0822, 564.90
972, 0.2197, 0.8626, 0.1374, 0.0823, 564.74
973, 0.2201, 0.8625, 0.1375, 0.0826, 565.13
974, 0.2211, 0.8622, 0.1378, 0.0832, 564.58
975, 0.2201, 0.8625, 0.1375, 0.0825, 564.52
976, 0.2205, 0.8622, 0.1378, 0.0827, 564.51
977, 0.2209, 0.8620, 0.1380, 0.0829, 564.42
978, 0.2212, 0.8619, 0.1381, 0.0831, 564.80
979, 0.2215, 0.8617, 0.1383, 0.0832, 564.80
980, 0.2194, 0.8628, 0.1372, 0.0822, 563.47
981, 0.2203, 0.8624, 0.1376, 0.0827, 564.33
982, 0.2212, 0.8620, 0.1380, 0.0832, 564.53
983, 0.2209, 0.8621, 0.1379, 0.0830, 564.77
984, 0.2202, 0.8623, 0.1377, 0.0825, 565.08
985, 0.2198, 0.8629, 0.1371, 0.0827, 564.56
986, 0.2193, 0.8628, 0.1372, 0.0821, 564.44
987, 0.2214, 0.8618, 0.1382, 0.0832, 565.01
988, 0.2221, 0.8615, 0.1385, 0.0835, 564.96
989, 0.2194, 0.8626, 0.1374, 0.0820, 564.52
990, 0.2207, 0.8621, 0.1379, 0.0828, 564.65
991, 0.2219, 0.8617, 0.1383, 0.0836, 565.11
992, 0.2216, 0.8618, 0.1382, 0.0833, 564.30
993, 0.2217, 0.8616, 0.1384, 0.0833, 564.56
994, 0.2201, 0.8623, 0.1377, 0.0824, 563.59
995, 0.2203, 0.8624, 0.1376, 0.0827, 564.31
996, 0.2205, 0.8623, 0.1377, 0.0828, 564.28
997, 0.2211, 0.8621, 0.1379, 0.0832, 562.64
998, 0.2201, 0.8624, 0.1376, 0.0825, 564.63
999, 0.2202, 0.8624, 0.1376, 0.0827, 564.68
1000, 0.2206, 0.8622, 0.1378, 0.0828, 517.65
