Epoch, Loss, Dice Score, Dice Loss, CE Loss, Additional Loss, Time
1, 1.8869, 0.3544, 0.6456, 0.8141, 0.4272, 305.57
2, 1.2074, 0.4928, 0.5072, 0.4653, 0.2349, 312.93
3, 1.0303, 0.5519, 0.4481, 0.3806, 0.2016, 313.59
4, 0.9333, 0.5888, 0.4112, 0.3378, 0.1843, 313.25
5, 0.8745, 0.6125, 0.3875, 0.3129, 0.1740, 313.44
6, 0.8306, 0.6300, 0.3700, 0.2946, 0.1660, 313.33
7, 0.7975, 0.6433, 0.3567, 0.2813, 0.1596, 313.34
8, 0.7720, 0.6526, 0.3474, 0.2708, 0.1538, 312.91
9, 0.7523, 0.6604, 0.3396, 0.2628, 0.1499, 312.98
10, 0.7374, 0.6668, 0.3332, 0.2568, 0.1473, 314.33
11, 0.7184, 0.6732, 0.3268, 0.2487, 0.1428, 325.22
12, 0.7073, 0.6774, 0.3226, 0.2444, 0.1403, 322.68
13, 0.6969, 0.6813, 0.3187, 0.2401, 0.1381, 321.14
14, 0.6833, 0.6858, 0.3142, 0.2341, 0.1350, 323.67
15, 0.6735, 0.6893, 0.3107, 0.2302, 0.1326, 324.32
16, 0.6615, 0.6932, 0.3068, 0.2249, 0.1298, 321.71
17, 0.6543, 0.6959, 0.3041, 0.2222, 0.1281, 322.39
18, 0.6454, 0.6987, 0.3013, 0.2181, 0.1259, 325.61
19, 0.6378, 0.7018, 0.2982, 0.2152, 0.1244, 322.43
20, 0.6295, 0.7043, 0.2957, 0.2116, 0.1221, 321.38
21, 0.6224, 0.7068, 0.2932, 0.2088, 0.1205, 324.44
22, 0.6169, 0.7089, 0.2911, 0.2065, 0.1193, 320.52
23, 0.6070, 0.7121, 0.2879, 0.2022, 0.1169, 320.77
24, 0.6053, 0.7132, 0.2868, 0.2019, 0.1167, 325.02
25, 0.5985, 0.7159, 0.2841, 0.1991, 0.1153, 322.68
26, 0.5919, 0.7177, 0.2823, 0.1962, 0.1133, 321.00
27, 0.5909, 0.7188, 0.2812, 0.1960, 0.1137, 322.92
28, 0.5838, 0.7204, 0.2796, 0.1929, 0.1113, 322.16
29, 0.5804, 0.7220, 0.2780, 0.1916, 0.1108, 321.72
30, 0.5751, 0.7241, 0.2759, 0.1896, 0.1096, 323.14
31, 0.5693, 0.7260, 0.2740, 0.1873, 0.1081, 324.18
32, 0.5651, 0.7280, 0.2720, 0.1856, 0.1074, 319.31
33, 0.5631, 0.7284, 0.2716, 0.1848, 0.1067, 319.50
34, 0.5543, 0.7311, 0.2689, 0.1810, 0.1044, 327.86
35, 0.5554, 0.7318, 0.2682, 0.1820, 0.1052, 324.54
36, 0.5500, 0.7330, 0.2670, 0.1795, 0.1035, 322.23
37, 0.5441, 0.7352, 0.2648, 0.1770, 0.1023, 325.38
38, 0.5412, 0.7364, 0.2636, 0.1760, 0.1016, 321.72
39, 0.5391, 0.7375, 0.2625, 0.1753, 0.1013, 320.65
40, 0.5337, 0.7392, 0.2608, 0.1731, 0.0998, 324.91
41, 0.5322, 0.7397, 0.2603, 0.1724, 0.0994, 322.24
42, 0.5311, 0.7407, 0.2593, 0.1723, 0.0995, 317.63
43, 0.5229, 0.7430, 0.2570, 0.1688, 0.0971, 324.64
44, 0.5214, 0.7436, 0.2564, 0.1682, 0.0968, 320.43
45, 0.5217, 0.7443, 0.2557, 0.1687, 0.0973, 318.73
46, 0.5181, 0.7456, 0.2544, 0.1673, 0.0964, 320.93
47, 0.5138, 0.7468, 0.2532, 0.1654, 0.0952, 324.66
48, 0.5135, 0.7472, 0.2528, 0.1653, 0.0953, 320.57
49, 0.5092, 0.7488, 0.2512, 0.1637, 0.0943, 322.43
50, 0.5069, 0.7495, 0.2505, 0.1628, 0.0936, 324.95
51, 0.5047, 0.7506, 0.2494, 0.1620, 0.0933, 321.04
52, 0.5017, 0.7514, 0.2486, 0.1608, 0.0923, 321.84
53, 0.5001, 0.7523, 0.2477, 0.1602, 0.0922, 325.07
54, 0.4967, 0.7536, 0.2464, 0.1589, 0.0914, 321.74
55, 0.4930, 0.7548, 0.2452, 0.1574, 0.0904, 321.17
56, 0.4937, 0.7554, 0.2446, 0.1581, 0.0910, 325.50
57, 0.4905, 0.7564, 0.2436, 0.1567, 0.0901, 321.99
58, 0.4885, 0.7569, 0.2431, 0.1559, 0.0895, 320.66
59, 0.4856, 0.7587, 0.2413, 0.1550, 0.0893, 322.35
60, 0.4853, 0.7587, 0.2413, 0.1549, 0.0890, 321.66
61, 0.4815, 0.7595, 0.2405, 0.1532, 0.0878, 315.39
62, 0.4781, 0.7609, 0.2391, 0.1519, 0.0871, 323.76
63, 0.4765, 0.7616, 0.2384, 0.1512, 0.0868, 323.09
64, 0.4735, 0.7629, 0.2371, 0.1502, 0.0862, 320.92
65, 0.4756, 0.7625, 0.2375, 0.1513, 0.0868, 322.49
66, 0.4726, 0.7635, 0.2365, 0.1500, 0.0861, 324.11
67, 0.4685, 0.7649, 0.2351, 0.1485, 0.0848, 320.55
68, 0.4666, 0.7657, 0.2343, 0.1476, 0.0846, 322.20
69, 0.4669, 0.7655, 0.2345, 0.1477, 0.0846, 324.99
70, 0.4679, 0.7660, 0.2340, 0.1486, 0.0852, 320.48
71, 0.4607, 0.7676, 0.2324, 0.1453, 0.0831, 321.19
72, 0.4647, 0.7671, 0.2329, 0.1474, 0.0845, 324.89
73, 0.4603, 0.7685, 0.2315, 0.1455, 0.0833, 320.93
74, 0.4592, 0.7688, 0.2312, 0.1451, 0.0829, 320.59
75, 0.4572, 0.7697, 0.2303, 0.1443, 0.0825, 325.22
76, 0.4549, 0.7704, 0.2296, 0.1434, 0.0819, 317.60
77, 0.4538, 0.7710, 0.2290, 0.1431, 0.0817, 321.36
78, 0.4512, 0.7717, 0.2283, 0.1419, 0.0810, 323.95
79, 0.4560, 0.7712, 0.2288, 0.1444, 0.0828, 322.62
80, 0.4480, 0.7730, 0.2270, 0.1407, 0.0803, 320.15
81, 0.4478, 0.7733, 0.2267, 0.1407, 0.0804, 323.63
82, 0.4464, 0.7744, 0.2256, 0.1405, 0.0803, 324.01
83, 0.4449, 0.7746, 0.2254, 0.1398, 0.0797, 318.37
84, 0.4437, 0.7751, 0.2249, 0.1393, 0.0795, 315.19
85, 0.4452, 0.7751, 0.2249, 0.1402, 0.0801, 312.72
86, 0.4409, 0.7761, 0.2239, 0.1383, 0.0788, 312.68
87, 0.4408, 0.7764, 0.2236, 0.1383, 0.0789, 312.88
88, 0.4415, 0.7771, 0.2229, 0.1390, 0.0796, 313.19
89, 0.4389, 0.7773, 0.2227, 0.1378, 0.0785, 312.56
90, 0.4361, 0.7783, 0.2217, 0.1366, 0.0778, 313.16
91, 0.4362, 0.7784, 0.2216, 0.1367, 0.0779, 312.11
92, 0.4369, 0.7785, 0.2215, 0.1371, 0.0782, 311.49
93, 0.4343, 0.7793, 0.2207, 0.1361, 0.0776, 312.29
94, 0.4332, 0.7796, 0.2204, 0.1356, 0.0772, 312.20
95, 0.4310, 0.7805, 0.2195, 0.1348, 0.0768, 312.96
96, 0.4293, 0.7811, 0.2189, 0.1341, 0.0763, 312.53
97, 0.4281, 0.7818, 0.2182, 0.1337, 0.0762, 312.33
98, 0.4281, 0.7819, 0.2181, 0.1339, 0.0762, 312.59
99, 0.4237, 0.7836, 0.2164, 0.1321, 0.0751, 312.84
100, 0.4250, 0.7834, 0.2166, 0.1328, 0.0756, 324.06
101, 0.4228, 0.7837, 0.2163, 0.1317, 0.0748, 321.26
102, 0.4208, 0.7846, 0.2154, 0.1310, 0.0744, 321.55
103, 0.4199, 0.7850, 0.2150, 0.1306, 0.0742, 324.78
104, 0.4216, 0.7851, 0.2149, 0.1316, 0.0750, 321.30
105, 0.4193, 0.7856, 0.2144, 0.1307, 0.0743, 320.42
106, 0.4178, 0.7860, 0.2140, 0.1300, 0.0738, 324.71
107, 0.4174, 0.7864, 0.2136, 0.1299, 0.0738, 322.06
108, 0.4162, 0.7870, 0.2130, 0.1296, 0.0736, 320.26
109, 0.4164, 0.7872, 0.2128, 0.1298, 0.0739, 323.68
110, 0.4151, 0.7876, 0.2124, 0.1293, 0.0734, 323.08
111, 0.4125, 0.7884, 0.2116, 0.1281, 0.0727, 320.05
112, 0.4128, 0.7887, 0.2113, 0.1284, 0.0730, 322.66
113, 0.4153, 0.7879, 0.2121, 0.1297, 0.0735, 324.29
114, 0.4076, 0.7904, 0.2096, 0.1264, 0.0716, 320.71
115, 0.4106, 0.7893, 0.2107, 0.1276, 0.0723, 321.63
116, 0.4099, 0.7898, 0.2102, 0.1274, 0.0724, 324.73
117, 0.4104, 0.7905, 0.2095, 0.1281, 0.0728, 320.42
118, 0.4079, 0.7908, 0.2092, 0.1268, 0.0720, 320.96
119, 0.4043, 0.7919, 0.2081, 0.1253, 0.0708, 324.85
120, 0.4060, 0.7911, 0.2089, 0.1258, 0.0713, 321.04
121, 0.4052, 0.7917, 0.2083, 0.1257, 0.0712, 320.55
122, 0.4024, 0.7924, 0.2076, 0.1244, 0.0704, 324.98
123, 0.4042, 0.7919, 0.2081, 0.1252, 0.0709, 322.15
124, 0.4013, 0.7931, 0.2069, 0.1242, 0.0702, 320.71
125, 0.4007, 0.7934, 0.2066, 0.1240, 0.0701, 323.55
126, 0.3995, 0.7941, 0.2059, 0.1236, 0.0700, 320.75
127, 0.4020, 0.7936, 0.2064, 0.1248, 0.0707, 311.53
128, 0.3970, 0.7950, 0.2050, 0.1227, 0.0693, 319.76
129, 0.3982, 0.7946, 0.2054, 0.1232, 0.0696, 324.03
130, 0.3954, 0.7956, 0.2044, 0.1220, 0.0690, 322.20
131, 0.3955, 0.7955, 0.2045, 0.1220, 0.0690, 325.69
132, 0.3948, 0.7958, 0.2042, 0.1217, 0.0688, 331.75
133, 0.3968, 0.7955, 0.2045, 0.1228, 0.0695, 318.46
134, 0.3949, 0.7960, 0.2040, 0.1220, 0.0690, 321.08
135, 0.3930, 0.7968, 0.2032, 0.1213, 0.0684, 325.04
136, 0.3928, 0.7970, 0.2030, 0.1213, 0.0685, 320.57
137, 0.3940, 0.7969, 0.2031, 0.1220, 0.0690, 314.95
138, 0.3896, 0.7980, 0.2020, 0.1199, 0.0677, 314.40
139, 0.3888, 0.7985, 0.2015, 0.1198, 0.0676, 318.42
140, 0.3896, 0.7981, 0.2019, 0.1200, 0.0678, 315.30
141, 0.3889, 0.7990, 0.2010, 0.1200, 0.0679, 322.84
142, 0.3863, 0.7997, 0.2003, 0.1190, 0.0670, 312.55
143, 0.3852, 0.8001, 0.1999, 0.1185, 0.0668, 324.09
144, 0.3893, 0.7992, 0.2008, 0.1203, 0.0682, 324.82
145, 0.3856, 0.8001, 0.1999, 0.1188, 0.0669, 313.06
146, 0.3846, 0.8005, 0.1995, 0.1183, 0.0667, 312.68
147, 0.3836, 0.8006, 0.1994, 0.1178, 0.0664, 312.79
148, 0.3839, 0.8007, 0.1993, 0.1181, 0.0666, 312.78
149, 0.3820, 0.8017, 0.1983, 0.1174, 0.0662, 331.41
150, 0.3810, 0.8019, 0.1981, 0.1170, 0.0659, 312.50
151, 0.3809, 0.8018, 0.1982, 0.1169, 0.0658, 312.65
152, 0.3822, 0.8017, 0.1983, 0.1176, 0.0664, 330.63
153, 0.3778, 0.8032, 0.1968, 0.1159, 0.0651, 312.35
154, 0.3794, 0.8025, 0.1975, 0.1164, 0.0655, 307.91
155, 0.3796, 0.8026, 0.1974, 0.1166, 0.0657, 312.37
156, 0.3821, 0.8022, 0.1978, 0.1178, 0.0665, 313.10
157, 0.3781, 0.8031, 0.1969, 0.1159, 0.0653, 312.20
158, 0.3772, 0.8037, 0.1963, 0.1158, 0.0652, 312.19
159, 0.3769, 0.8038, 0.1962, 0.1156, 0.0651, 311.79
160, 0.3766, 0.8043, 0.1957, 0.1158, 0.0652, 311.43
161, 0.3758, 0.8045, 0.1955, 0.1153, 0.0650, 311.10
162, 0.3741, 0.8051, 0.1949, 0.1147, 0.0645, 311.26
163, 0.3767, 0.8051, 0.1949, 0.1162, 0.0656, 311.63
164, 0.3727, 0.8058, 0.1942, 0.1142, 0.0642, 311.60
165, 0.3729, 0.8058, 0.1942, 0.1144, 0.0643, 311.25
166, 0.3714, 0.8061, 0.1939, 0.1137, 0.0638, 311.13
167, 0.3718, 0.8059, 0.1941, 0.1138, 0.0640, 311.28
168, 0.3711, 0.8065, 0.1935, 0.1137, 0.0639, 311.54
169, 0.3711, 0.8063, 0.1937, 0.1136, 0.0638, 311.28
170, 0.3716, 0.8062, 0.1938, 0.1138, 0.0640, 311.39
171, 0.3681, 0.8075, 0.1925, 0.1125, 0.0631, 311.27
172, 0.3676, 0.8080, 0.1920, 0.1125, 0.0631, 310.92
173, 0.3708, 0.8072, 0.1928, 0.1139, 0.0642, 311.29
174, 0.3677, 0.8079, 0.1921, 0.1125, 0.0631, 311.22
175, 0.3693, 0.8073, 0.1927, 0.1131, 0.0635, 311.47
176, 0.3665, 0.8085, 0.1915, 0.1121, 0.0628, 311.47
177, 0.3665, 0.8083, 0.1917, 0.1119, 0.0628, 311.34
178, 0.3654, 0.8089, 0.1911, 0.1116, 0.0627, 311.22
179, 0.3663, 0.8087, 0.1913, 0.1122, 0.0629, 311.30
180, 0.3647, 0.8091, 0.1909, 0.1114, 0.0625, 311.57
181, 0.3642, 0.8094, 0.1906, 0.1112, 0.0624, 311.42
182, 0.3629, 0.8096, 0.1904, 0.1106, 0.0619, 311.42
183, 0.3635, 0.8099, 0.1901, 0.1110, 0.0624, 311.04
184, 0.3625, 0.8102, 0.1898, 0.1106, 0.0620, 311.38
185, 0.3611, 0.8104, 0.1896, 0.1099, 0.0616, 311.31
186, 0.3614, 0.8104, 0.1896, 0.1101, 0.0617, 311.48
187, 0.3609, 0.8106, 0.1894, 0.1099, 0.0615, 311.38
188, 0.3619, 0.8102, 0.1898, 0.1103, 0.0618, 311.34
189, 0.3593, 0.8113, 0.1887, 0.1094, 0.0613, 311.28
190, 0.3619, 0.8107, 0.1893, 0.1105, 0.0620, 311.11
191, 0.3603, 0.8110, 0.1890, 0.1098, 0.0615, 311.38
192, 0.3586, 0.8116, 0.1884, 0.1091, 0.0611, 311.37
193, 0.3579, 0.8119, 0.1881, 0.1089, 0.0609, 311.45
194, 0.3605, 0.8119, 0.1881, 0.1103, 0.0621, 311.39
195, 0.3574, 0.8121, 0.1879, 0.1086, 0.0608, 311.42
196, 0.3574, 0.8125, 0.1875, 0.1089, 0.0609, 311.47
197, 0.3567, 0.8127, 0.1873, 0.1087, 0.0608, 311.27
198, 0.3569, 0.8126, 0.1874, 0.1086, 0.0608, 311.31
199, 0.3575, 0.8122, 0.1878, 0.1088, 0.0609, 311.18
200, 0.3568, 0.8131, 0.1869, 0.1088, 0.0610, 311.24
201, 0.3546, 0.8135, 0.1865, 0.1078, 0.0603, 311.46
202, 0.3543, 0.8136, 0.1864, 0.1077, 0.0602, 311.38
203, 0.3553, 0.8132, 0.1868, 0.1081, 0.0604, 311.35
204, 0.3562, 0.8135, 0.1865, 0.1087, 0.0610, 311.14
205, 0.3525, 0.8143, 0.1857, 0.1071, 0.0597, 311.30
206, 0.3516, 0.8146, 0.1854, 0.1067, 0.0595, 311.47
207, 0.3521, 0.8149, 0.1851, 0.1071, 0.0600, 311.31
208, 0.3532, 0.8141, 0.1859, 0.1073, 0.0600, 311.57
209, 0.3524, 0.8148, 0.1852, 0.1071, 0.0600, 311.29
210, 0.3531, 0.8145, 0.1855, 0.1075, 0.0602, 311.21
211, 0.3541, 0.8141, 0.1859, 0.1078, 0.0604, 311.28
212, 0.3491, 0.8159, 0.1841, 0.1059, 0.0591, 311.09
213, 0.3491, 0.8158, 0.1842, 0.1059, 0.0590, 311.68
214, 0.3503, 0.8155, 0.1845, 0.1064, 0.0594, 311.79
215, 0.3516, 0.8155, 0.1845, 0.1071, 0.0600, 312.56
216, 0.3469, 0.8166, 0.1834, 0.1050, 0.0585, 312.74
217, 0.3472, 0.8167, 0.1833, 0.1052, 0.0587, 313.18
218, 0.3492, 0.8164, 0.1836, 0.1062, 0.0594, 312.75
219, 0.3465, 0.8170, 0.1830, 0.1049, 0.0585, 312.71
220, 0.3460, 0.8173, 0.1827, 0.1048, 0.0584, 312.39
221, 0.3480, 0.8168, 0.1832, 0.1057, 0.0591, 311.87
222, 0.3457, 0.8173, 0.1827, 0.1046, 0.0583, 312.28
223, 0.3459, 0.8172, 0.1828, 0.1048, 0.0584, 312.40
224, 0.3464, 0.8171, 0.1829, 0.1049, 0.0586, 312.52
225, 0.3439, 0.8181, 0.1819, 0.1040, 0.0579, 312.49
226, 0.3448, 0.8176, 0.1824, 0.1043, 0.0581, 312.51
227, 0.3460, 0.8174, 0.1826, 0.1048, 0.0585, 311.76
228, 0.3460, 0.8173, 0.1827, 0.1048, 0.0585, 311.76
229, 0.3460, 0.8174, 0.1826, 0.1049, 0.0585, 313.13
230, 0.3433, 0.8185, 0.1815, 0.1039, 0.0579, 312.38
231, 0.3433, 0.8184, 0.1816, 0.1039, 0.0578, 312.62
232, 0.3453, 0.8183, 0.1817, 0.1049, 0.0587, 308.07
233, 0.3439, 0.8183, 0.1817, 0.1042, 0.0580, 312.58
234, 0.3412, 0.8191, 0.1809, 0.1030, 0.0572, 311.38
235, 0.3398, 0.8197, 0.1803, 0.1025, 0.0570, 311.27
236, 0.3425, 0.8188, 0.1812, 0.1035, 0.0577, 312.41
237, 0.3422, 0.8193, 0.1807, 0.1037, 0.0578, 312.55
238, 0.3407, 0.8195, 0.1805, 0.1029, 0.0572, 312.55
239, 0.3415, 0.8195, 0.1805, 0.1033, 0.0577, 312.44
240, 0.3415, 0.8193, 0.1807, 0.1032, 0.0575, 313.01
241, 0.3395, 0.8200, 0.1800, 0.1025, 0.0570, 311.57
242, 0.3391, 0.8204, 0.1796, 0.1025, 0.0570, 311.34
243, 0.3354, 0.8214, 0.1786, 0.1009, 0.0559, 311.19
244, 0.3378, 0.8207, 0.1793, 0.1019, 0.0567, 310.94
245, 0.3385, 0.8204, 0.1796, 0.1022, 0.0568, 311.36
246, 0.3394, 0.8202, 0.1798, 0.1025, 0.0571, 311.39
247, 0.3368, 0.8212, 0.1788, 0.1016, 0.0564, 273.32
248, 0.3392, 0.8205, 0.1795, 0.1026, 0.0572, 259.24
249, 0.3384, 0.8209, 0.1791, 0.1023, 0.0570, 281.26
250, 0.3353, 0.8217, 0.1783, 0.1010, 0.0561, 311.62
251, 0.3357, 0.8219, 0.1781, 0.1013, 0.0563, 312.36
252, 0.3345, 0.8220, 0.1780, 0.1007, 0.0559, 312.26
253, 0.3356, 0.8216, 0.1784, 0.1011, 0.0562, 311.77
254, 0.3370, 0.8213, 0.1787, 0.1017, 0.0566, 312.36
255, 0.3366, 0.8216, 0.1784, 0.1017, 0.0565, 312.50
256, 0.3344, 0.8224, 0.1776, 0.1008, 0.0560, 311.86
257, 0.3352, 0.8225, 0.1775, 0.1013, 0.0564, 311.84
258, 0.3357, 0.8218, 0.1782, 0.1012, 0.0563, 311.55
259, 0.3353, 0.8222, 0.1778, 0.1012, 0.0563, 311.28
260, 0.3316, 0.8234, 0.1766, 0.0997, 0.0553, 311.69
261, 0.3332, 0.8226, 0.1774, 0.1002, 0.0556, 311.74
262, 0.3318, 0.8232, 0.1768, 0.0997, 0.0553, 311.77
263, 0.3330, 0.8230, 0.1770, 0.1003, 0.0557, 311.51
264, 0.3330, 0.8230, 0.1770, 0.1003, 0.0557, 311.68
265, 0.3332, 0.8227, 0.1773, 0.1003, 0.0556, 311.96
266, 0.3310, 0.8235, 0.1765, 0.0994, 0.0551, 311.87
267, 0.3322, 0.8236, 0.1764, 0.1001, 0.0557, 311.60
268, 0.3315, 0.8234, 0.1766, 0.0997, 0.0553, 311.54
269, 0.3302, 0.8244, 0.1756, 0.0994, 0.0552, 311.28
270, 0.3299, 0.8242, 0.1758, 0.0991, 0.0549, 311.77
271, 0.3292, 0.8245, 0.1755, 0.0989, 0.0548, 311.81
272, 0.3310, 0.8239, 0.1761, 0.0996, 0.0553, 311.34
273, 0.3343, 0.8233, 0.1767, 0.1011, 0.0566, 311.38
274, 0.3300, 0.8241, 0.1759, 0.0992, 0.0550, 311.40
275, 0.3286, 0.8248, 0.1752, 0.0987, 0.0547, 311.23
276, 0.3295, 0.8246, 0.1754, 0.0991, 0.0550, 311.72
277, 0.3268, 0.8254, 0.1746, 0.0979, 0.0542, 311.96
278, 0.3268, 0.8254, 0.1746, 0.0979, 0.0542, 311.71
279, 0.3280, 0.8251, 0.1749, 0.0985, 0.0546, 311.44
280, 0.3271, 0.8253, 0.1747, 0.0981, 0.0544, 311.84
281, 0.3262, 0.8260, 0.1740, 0.0979, 0.0542, 280.64
282, 0.3293, 0.8247, 0.1753, 0.0990, 0.0550, 311.59
283, 0.3259, 0.8259, 0.1741, 0.0977, 0.0541, 311.68
284, 0.3298, 0.8249, 0.1751, 0.0994, 0.0553, 301.10
285, 0.3257, 0.8259, 0.1741, 0.0977, 0.0540, 311.57
286, 0.3263, 0.8260, 0.1740, 0.0980, 0.0543, 311.75
287, 0.3268, 0.8259, 0.1741, 0.0982, 0.0544, 311.88
288, 0.3251, 0.8262, 0.1738, 0.0974, 0.0539, 311.48
289, 0.3268, 0.8260, 0.1740, 0.0983, 0.0545, 285.20
290, 0.3249, 0.8265, 0.1735, 0.0974, 0.0540, 295.73
291, 0.3247, 0.8265, 0.1735, 0.0974, 0.0539, 306.48
292, 0.3238, 0.8268, 0.1732, 0.0969, 0.0536, 274.02
293, 0.3249, 0.8264, 0.1736, 0.0974, 0.0539, 303.49
294, 0.3211, 0.8278, 0.1722, 0.0959, 0.0530, 275.49
295, 0.3228, 0.8274, 0.1726, 0.0967, 0.0535, 157.73
296, 0.3221, 0.8274, 0.1726, 0.0963, 0.0532, 242.87
297, 0.3236, 0.8272, 0.1728, 0.0970, 0.0538, 305.41
298, 0.3216, 0.8277, 0.1723, 0.0962, 0.0532, 311.04
299, 0.3228, 0.8274, 0.1726, 0.0967, 0.0535, 293.09
300, 0.3225, 0.8273, 0.1727, 0.0965, 0.0533, 299.63
301, 0.3195, 0.8286, 0.1714, 0.0955, 0.0526, 287.41
302, 0.3209, 0.8279, 0.1721, 0.0958, 0.0529, 305.66
303, 0.3211, 0.8281, 0.1719, 0.0961, 0.0532, 275.65
304, 0.3212, 0.8281, 0.1719, 0.0962, 0.0531, 311.02
305, 0.3186, 0.8290, 0.1710, 0.0951, 0.0525, 310.83
306, 0.3207, 0.8284, 0.1716, 0.0959, 0.0531, 292.72
307, 0.3196, 0.8286, 0.1714, 0.0955, 0.0528, 311.55
308, 0.3200, 0.8285, 0.1715, 0.0957, 0.0529, 311.26
309, 0.3211, 0.8283, 0.1717, 0.0961, 0.0532, 311.40
310, 0.3210, 0.8280, 0.1720, 0.0960, 0.0531, 310.55
311, 0.3213, 0.8282, 0.1718, 0.0962, 0.0533, 311.57
312, 0.3179, 0.8293, 0.1707, 0.0949, 0.0524, 311.14
313, 0.3199, 0.8288, 0.1712, 0.0957, 0.0529, 311.20
314, 0.3206, 0.8286, 0.1714, 0.0961, 0.0531, 311.65
315, 0.3194, 0.8289, 0.1711, 0.0955, 0.0527, 310.86
316, 0.3181, 0.8295, 0.1705, 0.0951, 0.0525, 311.01
317, 0.3185, 0.8292, 0.1708, 0.0952, 0.0526, 311.08
318, 0.3182, 0.8296, 0.1704, 0.0952, 0.0526, 311.00
319, 0.3186, 0.8293, 0.1707, 0.0953, 0.0526, 311.27
320, 0.3188, 0.8293, 0.1707, 0.0954, 0.0527, 310.92
321, 0.3173, 0.8298, 0.1702, 0.0947, 0.0523, 310.65
322, 0.3204, 0.8293, 0.1707, 0.0963, 0.0534, 314.48
323, 0.3195, 0.8288, 0.1712, 0.0955, 0.0528, 307.92
324, 0.3161, 0.8302, 0.1698, 0.0943, 0.0520, 302.53
325, 0.3181, 0.8297, 0.1703, 0.0952, 0.0526, 268.01
326, 0.3172, 0.8299, 0.1701, 0.0947, 0.0523, 312.24
327, 0.3169, 0.8300, 0.1700, 0.0947, 0.0523, 311.22
328, 0.3161, 0.8303, 0.1697, 0.0944, 0.0521, 311.03
329, 0.3171, 0.8299, 0.1701, 0.0948, 0.0523, 311.03
330, 0.3149, 0.8308, 0.1692, 0.0939, 0.0518, 287.22
331, 0.3150, 0.8309, 0.1691, 0.0940, 0.0519, 313.16
332, 0.3200, 0.8293, 0.1707, 0.0960, 0.0533, 312.28
333, 0.3163, 0.8304, 0.1696, 0.0945, 0.0522, 312.80
334, 0.3145, 0.8311, 0.1689, 0.0938, 0.0518, 305.12
335, 0.3151, 0.8307, 0.1693, 0.0940, 0.0518, 293.00
336, 0.3149, 0.8309, 0.1691, 0.0940, 0.0519, 312.52
337, 0.3157, 0.8306, 0.1694, 0.0942, 0.0520, 310.47
338, 0.3114, 0.8321, 0.1679, 0.0926, 0.0509, 312.69
339, 0.3150, 0.8311, 0.1689, 0.0941, 0.0520, 312.28
340, 0.3136, 0.8312, 0.1688, 0.0934, 0.0514, 310.88
341, 0.3143, 0.8311, 0.1689, 0.0937, 0.0517, 298.71
342, 0.3130, 0.8318, 0.1682, 0.0933, 0.0515, 260.28
343, 0.3176, 0.8310, 0.1690, 0.0955, 0.0532, 306.49
344, 0.3131, 0.8317, 0.1683, 0.0934, 0.0515, 312.40
345, 0.3160, 0.8307, 0.1693, 0.0945, 0.0522, 312.08
346, 0.3132, 0.8321, 0.1679, 0.0936, 0.0517, 312.87
347, 0.3126, 0.8320, 0.1680, 0.0933, 0.0514, 312.93
348, 0.3124, 0.8319, 0.1681, 0.0930, 0.0513, 312.41
349, 0.3102, 0.8326, 0.1674, 0.0921, 0.0506, 311.68
350, 0.3123, 0.8322, 0.1678, 0.0931, 0.0514, 300.95
351, 0.3117, 0.8323, 0.1677, 0.0928, 0.0512, 312.61
352, 0.3110, 0.8325, 0.1675, 0.0926, 0.0510, 311.84
353, 0.3125, 0.8320, 0.1680, 0.0931, 0.0514, 312.95
354, 0.3115, 0.8323, 0.1677, 0.0927, 0.0510, 312.10
355, 0.3107, 0.8327, 0.1673, 0.0924, 0.0509, 307.00
356, 0.3110, 0.8325, 0.1675, 0.0925, 0.0510, 310.83
357, 0.3108, 0.8326, 0.1674, 0.0925, 0.0510, 310.69
358, 0.3102, 0.8328, 0.1672, 0.0922, 0.0507, 310.53
359, 0.3101, 0.8331, 0.1669, 0.0923, 0.0509, 310.80
360, 0.3085, 0.8335, 0.1665, 0.0917, 0.0504, 311.03
361, 0.3110, 0.8331, 0.1669, 0.0928, 0.0513, 310.67
362, 0.3093, 0.8332, 0.1668, 0.0919, 0.0506, 310.78
363, 0.3084, 0.8337, 0.1663, 0.0917, 0.0504, 310.49
364, 0.3104, 0.8328, 0.1672, 0.0924, 0.0509, 310.92
365, 0.3088, 0.8337, 0.1663, 0.0918, 0.0506, 310.24
366, 0.3092, 0.8334, 0.1666, 0.0920, 0.0506, 310.33
367, 0.3082, 0.8336, 0.1664, 0.0916, 0.0503, 310.51
368, 0.3089, 0.8335, 0.1665, 0.0918, 0.0506, 310.17
369, 0.3088, 0.8337, 0.1663, 0.0919, 0.0507, 310.74
370, 0.3071, 0.8342, 0.1658, 0.0912, 0.0501, 310.49
371, 0.3081, 0.8336, 0.1664, 0.0914, 0.0503, 310.58
372, 0.3095, 0.8335, 0.1665, 0.0922, 0.0508, 310.85
373, 0.3058, 0.8348, 0.1652, 0.0907, 0.0498, 256.81
374, 0.3079, 0.8338, 0.1662, 0.0915, 0.0503, 247.98
375, 0.3076, 0.8342, 0.1658, 0.0915, 0.0504, 308.26
376, 0.3064, 0.8346, 0.1654, 0.0910, 0.0500, 310.11
377, 0.3070, 0.8343, 0.1657, 0.0912, 0.0502, 310.22
378, 0.3083, 0.8340, 0.1660, 0.0917, 0.0505, 310.59
379, 0.3056, 0.8349, 0.1651, 0.0907, 0.0498, 302.04
380, 0.3082, 0.8339, 0.1661, 0.0916, 0.0504, 310.49
381, 0.3063, 0.8346, 0.1654, 0.0909, 0.0500, 310.80
382, 0.3048, 0.8357, 0.1643, 0.0906, 0.0499, 300.62
383, 0.3064, 0.8346, 0.1654, 0.0910, 0.0500, 310.77
384, 0.3059, 0.8347, 0.1653, 0.0908, 0.0499, 310.37
385, 0.3062, 0.8347, 0.1653, 0.0910, 0.0500, 310.33
386, 0.3051, 0.8350, 0.1650, 0.0904, 0.0497, 310.80
387, 0.3065, 0.8348, 0.1652, 0.0911, 0.0502, 281.94
388, 0.3035, 0.8356, 0.1644, 0.0899, 0.0493, 289.41
389, 0.3049, 0.8352, 0.1648, 0.0904, 0.0497, 310.96
390, 0.3063, 0.8349, 0.1651, 0.0911, 0.0501, 310.45
391, 0.3040, 0.8358, 0.1642, 0.0902, 0.0496, 266.73
392, 0.3041, 0.8355, 0.1645, 0.0901, 0.0495, 310.39
393, 0.3053, 0.8353, 0.1647, 0.0907, 0.0499, 310.94
394, 0.3063, 0.8346, 0.1654, 0.0908, 0.0500, 297.15
395, 0.3014, 0.8365, 0.1635, 0.0891, 0.0488, 291.12
396, 0.3042, 0.8355, 0.1645, 0.0901, 0.0495, 310.80
397, 0.3031, 0.8358, 0.1642, 0.0897, 0.0492, 311.18
398, 0.3045, 0.8354, 0.1646, 0.0902, 0.0497, 310.59
399, 0.3041, 0.8355, 0.1645, 0.0901, 0.0495, 310.43
400, 0.3035, 0.8358, 0.1642, 0.0899, 0.0494, 310.65
401, 0.3031, 0.8361, 0.1639, 0.0898, 0.0493, 311.21
402, 0.3030, 0.8360, 0.1640, 0.0897, 0.0493, 310.64
403, 0.3018, 0.8367, 0.1633, 0.0895, 0.0491, 310.77
404, 0.3021, 0.8365, 0.1635, 0.0895, 0.0491, 305.93
405, 0.3020, 0.8363, 0.1637, 0.0893, 0.0490, 310.59
406, 0.3012, 0.8368, 0.1632, 0.0891, 0.0489, 310.71
407, 0.3042, 0.8361, 0.1639, 0.0904, 0.0499, 310.36
408, 0.3002, 0.8373, 0.1627, 0.0888, 0.0487, 307.90
409, 0.3029, 0.8363, 0.1637, 0.0898, 0.0493, 300.71
410, 0.2999, 0.8372, 0.1628, 0.0886, 0.0485, 310.42
411, 0.3015, 0.8366, 0.1634, 0.0892, 0.0489, 310.79
412, 0.3019, 0.8365, 0.1635, 0.0894, 0.0490, 310.60
413, 0.3007, 0.8374, 0.1626, 0.0891, 0.0490, 310.86
414, 0.2986, 0.8379, 0.1621, 0.0882, 0.0483, 310.25
415, 0.3011, 0.8368, 0.1632, 0.0891, 0.0488, 310.70
416, 0.3017, 0.8367, 0.1633, 0.0893, 0.0491, 310.52
417, 0.3003, 0.8372, 0.1628, 0.0888, 0.0487, 310.75
418, 0.3000, 0.8374, 0.1626, 0.0887, 0.0486, 297.86
419, 0.3012, 0.8371, 0.1629, 0.0893, 0.0490, 310.98
420, 0.2988, 0.8378, 0.1622, 0.0882, 0.0483, 310.42
421, 0.3011, 0.8373, 0.1627, 0.0893, 0.0491, 310.53
422, 0.3014, 0.8367, 0.1633, 0.0892, 0.0490, 310.40
423, 0.2992, 0.8375, 0.1625, 0.0884, 0.0484, 311.28
424, 0.2994, 0.8378, 0.1622, 0.0886, 0.0486, 310.72
425, 0.2968, 0.8386, 0.1614, 0.0875, 0.0479, 310.82
426, 0.2968, 0.8386, 0.1614, 0.0875, 0.0479, 306.69
427, 0.2990, 0.8385, 0.1615, 0.0886, 0.0488, 306.93
428, 0.2985, 0.8379, 0.1621, 0.0882, 0.0483, 308.64
429, 0.2995, 0.8378, 0.1622, 0.0887, 0.0487, 169.96
430, 0.2985, 0.8382, 0.1618, 0.0883, 0.0484, 239.53
431, 0.2999, 0.8374, 0.1626, 0.0886, 0.0486, 294.77
432, 0.2989, 0.8380, 0.1620, 0.0884, 0.0485, 291.03
433, 0.2981, 0.8382, 0.1618, 0.0880, 0.0482, 238.85
434, 0.2988, 0.8379, 0.1621, 0.0883, 0.0484, 274.52
435, 0.2980, 0.8387, 0.1613, 0.0882, 0.0485, 285.41
436, 0.2973, 0.8383, 0.1617, 0.0876, 0.0480, 266.35
437, 0.2979, 0.8384, 0.1616, 0.0880, 0.0483, 292.58
438, 0.2991, 0.8380, 0.1620, 0.0884, 0.0487, 288.30
439, 0.2979, 0.8383, 0.1617, 0.0880, 0.0482, 312.95
440, 0.2986, 0.8380, 0.1620, 0.0882, 0.0484, 312.58
441, 0.2982, 0.8385, 0.1615, 0.0883, 0.0484, 312.16
442, 0.2966, 0.8389, 0.1611, 0.0876, 0.0479, 311.17
443, 0.2970, 0.8389, 0.1611, 0.0878, 0.0481, 310.86
444, 0.2954, 0.8393, 0.1607, 0.0871, 0.0476, 277.30
445, 0.2955, 0.8395, 0.1605, 0.0872, 0.0478, 198.89
446, 0.2982, 0.8390, 0.1610, 0.0884, 0.0488, 258.44
447, 0.2956, 0.8394, 0.1606, 0.0872, 0.0477, 309.40
448, 0.2956, 0.8394, 0.1606, 0.0872, 0.0478, 240.93
449, 0.2957, 0.8393, 0.1607, 0.0872, 0.0478, 268.73
450, 0.2963, 0.8391, 0.1609, 0.0874, 0.0479, 337.77
451, 0.2966, 0.8390, 0.1610, 0.0876, 0.0480, 270.00
452, 0.2951, 0.8397, 0.1603, 0.0871, 0.0477, 309.93
453, 0.2962, 0.8392, 0.1608, 0.0874, 0.0479, 239.04
454, 0.2952, 0.8393, 0.1607, 0.0870, 0.0476, 320.47
455, 0.2947, 0.8398, 0.1602, 0.0870, 0.0476, 347.22
456, 0.2953, 0.8394, 0.1606, 0.0871, 0.0477, 324.16
457, 0.2950, 0.8401, 0.1599, 0.0872, 0.0480, 294.14
458, 0.2969, 0.8386, 0.1614, 0.0876, 0.0480, 262.87
459, 0.2950, 0.8397, 0.1603, 0.0870, 0.0476, 351.60
460, 0.2964, 0.8391, 0.1609, 0.0876, 0.0480, 358.10
461, 0.2947, 0.8398, 0.1602, 0.0869, 0.0476, 361.73
462, 0.2965, 0.8391, 0.1609, 0.0876, 0.0480, 360.33
463, 0.2940, 0.8401, 0.1599, 0.0867, 0.0474, 360.79
464, 0.2937, 0.8401, 0.1599, 0.0865, 0.0473, 354.44
465, 0.2954, 0.8394, 0.1606, 0.0871, 0.0477, 348.80
466, 0.2961, 0.8394, 0.1606, 0.0875, 0.0480, 360.41
467, 0.2976, 0.8388, 0.1612, 0.0880, 0.0483, 361.02
468, 0.2922, 0.8407, 0.1593, 0.0860, 0.0470, 357.59
469, 0.2937, 0.8401, 0.1599, 0.0865, 0.0473, 358.95
470, 0.2948, 0.8397, 0.1603, 0.0869, 0.0475, 353.33
471, 0.2934, 0.8407, 0.1593, 0.0866, 0.0475, 355.19
472, 0.2940, 0.8401, 0.1599, 0.0867, 0.0474, 354.95
473, 0.2936, 0.8402, 0.1598, 0.0865, 0.0473, 356.48
474, 0.2925, 0.8406, 0.1594, 0.0860, 0.0470, 353.57
475, 0.2949, 0.8397, 0.1603, 0.0870, 0.0476, 356.21
476, 0.2935, 0.8403, 0.1597, 0.0865, 0.0473, 356.50
477, 0.2936, 0.8404, 0.1596, 0.0865, 0.0474, 348.09
478, 0.2928, 0.8406, 0.1594, 0.0862, 0.0472, 363.83
479, 0.2930, 0.8405, 0.1595, 0.0863, 0.0472, 364.44
480, 0.2947, 0.8400, 0.1600, 0.0870, 0.0477, 364.83
481, 0.2938, 0.8405, 0.1595, 0.0868, 0.0475, 362.93
482, 0.2932, 0.8405, 0.1595, 0.0864, 0.0473, 364.96
483, 0.2906, 0.8414, 0.1586, 0.0854, 0.0466, 365.55
484, 0.2917, 0.8407, 0.1593, 0.0857, 0.0468, 363.18
485, 0.2916, 0.8412, 0.1588, 0.0858, 0.0469, 362.82
486, 0.2916, 0.8410, 0.1590, 0.0858, 0.0468, 362.81
487, 0.2946, 0.8404, 0.1596, 0.0871, 0.0478, 362.39
488, 0.2923, 0.8412, 0.1588, 0.0862, 0.0473, 362.32
489, 0.2914, 0.8410, 0.1590, 0.0857, 0.0468, 361.87
490, 0.2948, 0.8399, 0.1601, 0.0870, 0.0477, 360.47
491, 0.2905, 0.8413, 0.1587, 0.0853, 0.0465, 360.82
492, 0.2914, 0.8411, 0.1589, 0.0857, 0.0469, 360.10
493, 0.2891, 0.8422, 0.1578, 0.0849, 0.0463, 359.66
494, 0.2912, 0.8414, 0.1586, 0.0857, 0.0469, 360.65
495, 0.2922, 0.8411, 0.1589, 0.0862, 0.0472, 360.21
496, 0.2902, 0.8417, 0.1583, 0.0853, 0.0466, 359.69
497, 0.2894, 0.8419, 0.1581, 0.0849, 0.0463, 357.03
498, 0.2909, 0.8415, 0.1585, 0.0856, 0.0468, 359.91
499, 0.2912, 0.8413, 0.1587, 0.0856, 0.0468, 359.62
500, 0.2922, 0.8409, 0.1591, 0.0860, 0.0471, 357.05
501, 0.2914, 0.8414, 0.1586, 0.0858, 0.0470, 358.36
502, 0.2909, 0.8414, 0.1586, 0.0856, 0.0468, 356.71
503, 0.2891, 0.8422, 0.1578, 0.0849, 0.0464, 355.82
504, 0.2903, 0.8419, 0.1581, 0.0855, 0.0467, 356.57
505, 0.2901, 0.8417, 0.1583, 0.0852, 0.0465, 358.95
506, 0.2902, 0.8420, 0.1580, 0.0854, 0.0468, 350.05
507, 0.2896, 0.8420, 0.1580, 0.0851, 0.0464, 366.01
508, 0.2908, 0.8417, 0.1583, 0.0857, 0.0469, 365.19
509, 0.2884, 0.8425, 0.1575, 0.0847, 0.0463, 363.90
510, 0.2895, 0.8420, 0.1580, 0.0850, 0.0464, 364.23
511, 0.2878, 0.8426, 0.1574, 0.0844, 0.0460, 363.86
512, 0.2883, 0.8425, 0.1575, 0.0846, 0.0461, 363.98
513, 0.2893, 0.8422, 0.1578, 0.0851, 0.0464, 363.66
514, 0.2890, 0.8421, 0.1579, 0.0848, 0.0463, 363.98
515, 0.2892, 0.8422, 0.1578, 0.0850, 0.0464, 363.95
516, 0.2884, 0.8423, 0.1577, 0.0846, 0.0461, 364.06
517, 0.2882, 0.8426, 0.1574, 0.0846, 0.0462, 364.00
518, 0.2900, 0.8419, 0.1581, 0.0853, 0.0466, 363.98
519, 0.2890, 0.8422, 0.1578, 0.0849, 0.0463, 363.98
520, 0.2892, 0.8429, 0.1571, 0.0852, 0.0469, 356.88
521, 0.2862, 0.8433, 0.1567, 0.0839, 0.0457, 360.85
522, 0.2868, 0.8432, 0.1568, 0.0842, 0.0458, 361.74
523, 0.2864, 0.8435, 0.1565, 0.0840, 0.0458, 362.69
524, 0.2870, 0.8430, 0.1570, 0.0842, 0.0459, 362.83
525, 0.2872, 0.8430, 0.1570, 0.0843, 0.0459, 361.99
526, 0.2884, 0.8429, 0.1571, 0.0849, 0.0465, 360.91
527, 0.2893, 0.8421, 0.1579, 0.0850, 0.0464, 359.72
528, 0.2891, 0.8424, 0.1576, 0.0850, 0.0465, 360.30
529, 0.2901, 0.8421, 0.1579, 0.0855, 0.0467, 359.83
530, 0.2864, 0.8434, 0.1566, 0.0840, 0.0458, 358.58
531, 0.2868, 0.8434, 0.1566, 0.0842, 0.0460, 358.53
532, 0.2853, 0.8437, 0.1563, 0.0835, 0.0455, 357.93
533, 0.2882, 0.8427, 0.1573, 0.0847, 0.0462, 349.31
534, 0.2870, 0.8431, 0.1569, 0.0842, 0.0459, 364.95
535, 0.2851, 0.8438, 0.1562, 0.0835, 0.0454, 364.91
536, 0.2873, 0.8430, 0.1570, 0.0843, 0.0460, 364.46
537, 0.2876, 0.8429, 0.1571, 0.0844, 0.0461, 364.28
538, 0.2874, 0.8429, 0.1571, 0.0844, 0.0460, 364.32
539, 0.2867, 0.8434, 0.1566, 0.0842, 0.0459, 364.60
540, 0.2868, 0.8431, 0.1569, 0.0841, 0.0458, 364.84
541, 0.2859, 0.8437, 0.1563, 0.0839, 0.0457, 364.50
542, 0.2860, 0.8436, 0.1564, 0.0838, 0.0458, 364.62
543, 0.2854, 0.8437, 0.1563, 0.0836, 0.0455, 364.54
544, 0.2845, 0.8441, 0.1559, 0.0833, 0.0453, 364.42
545, 0.2849, 0.8441, 0.1559, 0.0835, 0.0455, 364.72
546, 0.2857, 0.8437, 0.1563, 0.0838, 0.0457, 364.72
547, 0.2862, 0.8437, 0.1563, 0.0841, 0.0459, 364.92
548, 0.2875, 0.8432, 0.1568, 0.0845, 0.0462, 364.52
549, 0.2866, 0.8434, 0.1566, 0.0841, 0.0459, 364.81
550, 0.2852, 0.8442, 0.1558, 0.0837, 0.0456, 364.58
551, 0.2867, 0.8435, 0.1565, 0.0842, 0.0460, 364.71
552, 0.2845, 0.8442, 0.1558, 0.0833, 0.0453, 364.66
553, 0.2850, 0.8443, 0.1557, 0.0837, 0.0456, 363.06
554, 0.2852, 0.8440, 0.1560, 0.0836, 0.0456, 362.36
555, 0.2844, 0.8446, 0.1554, 0.0834, 0.0455, 361.02
556, 0.2858, 0.8437, 0.1563, 0.0838, 0.0457, 358.10
557, 0.2844, 0.8442, 0.1558, 0.0833, 0.0453, 359.79
558, 0.2837, 0.8443, 0.1557, 0.0829, 0.0451, 358.94
559, 0.2837, 0.8447, 0.1553, 0.0831, 0.0453, 357.76
560, 0.2847, 0.8442, 0.1558, 0.0834, 0.0454, 355.61
561, 0.2842, 0.8443, 0.1557, 0.0832, 0.0453, 364.50
562, 0.2848, 0.8441, 0.1559, 0.0834, 0.0454, 364.76
563, 0.2837, 0.8444, 0.1556, 0.0829, 0.0452, 364.81
564, 0.2857, 0.8438, 0.1562, 0.0838, 0.0457, 364.78
565, 0.2841, 0.8445, 0.1555, 0.0832, 0.0453, 364.05
566, 0.2830, 0.8448, 0.1552, 0.0828, 0.0450, 364.23
567, 0.2838, 0.8445, 0.1555, 0.0831, 0.0452, 364.42
568, 0.2833, 0.8451, 0.1549, 0.0831, 0.0453, 364.40
569, 0.2828, 0.8450, 0.1550, 0.0828, 0.0450, 364.71
570, 0.2832, 0.8449, 0.1551, 0.0829, 0.0452, 364.18
571, 0.2840, 0.8446, 0.1554, 0.0832, 0.0453, 363.92
572, 0.2839, 0.8448, 0.1552, 0.0832, 0.0454, 364.15
573, 0.2826, 0.8452, 0.1548, 0.0828, 0.0451, 364.21
574, 0.2852, 0.8447, 0.1553, 0.0839, 0.0460, 364.17
575, 0.2821, 0.8454, 0.1546, 0.0825, 0.0450, 364.56
576, 0.2808, 0.8459, 0.1541, 0.0821, 0.0446, 364.14
577, 0.2827, 0.8451, 0.1549, 0.0827, 0.0451, 363.90
578, 0.2836, 0.8447, 0.1553, 0.0831, 0.0452, 361.67
579, 0.2843, 0.8446, 0.1554, 0.0834, 0.0455, 361.33
580, 0.2828, 0.8448, 0.1552, 0.0826, 0.0449, 360.71
581, 0.2807, 0.8457, 0.1543, 0.0820, 0.0445, 360.17
582, 0.2835, 0.8448, 0.1552, 0.0831, 0.0453, 358.25
583, 0.2827, 0.8452, 0.1548, 0.0828, 0.0451, 357.40
584, 0.2817, 0.8456, 0.1544, 0.0825, 0.0449, 356.78
585, 0.2843, 0.8445, 0.1555, 0.0834, 0.0454, 355.83
586, 0.2811, 0.8457, 0.1543, 0.0821, 0.0446, 349.50
587, 0.2816, 0.8456, 0.1544, 0.0824, 0.0448, 360.76
588, 0.2831, 0.8450, 0.1550, 0.0829, 0.0452, 366.92
589, 0.2813, 0.8455, 0.1545, 0.0822, 0.0446, 366.27
590, 0.2821, 0.8454, 0.1546, 0.0825, 0.0449, 366.05
591, 0.2816, 0.8457, 0.1543, 0.0824, 0.0449, 366.41
592, 0.2826, 0.8453, 0.1547, 0.0829, 0.0451, 367.27
593, 0.2828, 0.8453, 0.1547, 0.0829, 0.0453, 366.72
594, 0.2826, 0.8452, 0.1548, 0.0828, 0.0451, 366.56
595, 0.2797, 0.8463, 0.1537, 0.0816, 0.0443, 366.29
596, 0.2796, 0.8463, 0.1537, 0.0816, 0.0443, 366.10
597, 0.2812, 0.8459, 0.1541, 0.0823, 0.0448, 366.37
598, 0.2805, 0.8461, 0.1539, 0.0820, 0.0446, 366.73
599, 0.2794, 0.8464, 0.1536, 0.0815, 0.0443, 366.57
600, 0.2821, 0.8453, 0.1547, 0.0825, 0.0449, 364.16
601, 0.2803, 0.8461, 0.1539, 0.0819, 0.0445, 363.27
602, 0.2783, 0.8468, 0.1532, 0.0811, 0.0440, 363.84
603, 0.2811, 0.8460, 0.1540, 0.0822, 0.0448, 356.80
604, 0.2809, 0.8458, 0.1542, 0.0821, 0.0446, 362.70
605, 0.2805, 0.8460, 0.1540, 0.0819, 0.0446, 362.06
606, 0.2806, 0.8461, 0.1539, 0.0821, 0.0446, 362.08
607, 0.2826, 0.8451, 0.1549, 0.0827, 0.0450, 360.61
608, 0.2795, 0.8464, 0.1536, 0.0816, 0.0443, 359.51
609, 0.2822, 0.8455, 0.1545, 0.0827, 0.0450, 358.30
610, 0.2810, 0.8461, 0.1539, 0.0823, 0.0448, 359.22
611, 0.2803, 0.8462, 0.1538, 0.0820, 0.0446, 357.94
612, 0.2818, 0.8456, 0.1544, 0.0825, 0.0449, 357.20
613, 0.2803, 0.8463, 0.1537, 0.0820, 0.0446, 348.07
614, 0.2795, 0.8467, 0.1533, 0.0817, 0.0444, 363.92
615, 0.2797, 0.8464, 0.1536, 0.0817, 0.0444, 363.79
616, 0.2789, 0.8467, 0.1533, 0.0814, 0.0442, 363.76
617, 0.2804, 0.8462, 0.1538, 0.0819, 0.0446, 363.79
618, 0.2817, 0.8459, 0.1541, 0.0825, 0.0450, 363.54
619, 0.2819, 0.8456, 0.1544, 0.0826, 0.0450, 363.65
620, 0.2783, 0.8469, 0.1531, 0.0812, 0.0440, 363.66
621, 0.2808, 0.8463, 0.1537, 0.0822, 0.0448, 363.94
622, 0.2790, 0.8468, 0.1532, 0.0815, 0.0443, 363.88
623, 0.2776, 0.8471, 0.1529, 0.0808, 0.0438, 363.50
624, 0.2802, 0.8463, 0.1537, 0.0819, 0.0446, 363.49
625, 0.2794, 0.8466, 0.1534, 0.0816, 0.0444, 363.52
626, 0.2787, 0.8467, 0.1533, 0.0813, 0.0441, 363.72
627, 0.2775, 0.8473, 0.1527, 0.0809, 0.0439, 363.86
628, 0.2784, 0.8470, 0.1530, 0.0813, 0.0442, 363.73
629, 0.2824, 0.8456, 0.1544, 0.0828, 0.0452, 363.69
630, 0.2776, 0.8472, 0.1528, 0.0809, 0.0439, 363.78
631, 0.2801, 0.8465, 0.1535, 0.0819, 0.0446, 362.30
632, 0.2801, 0.8462, 0.1538, 0.0818, 0.0445, 361.94
633, 0.2792, 0.8467, 0.1533, 0.0815, 0.0444, 361.15
634, 0.2781, 0.8470, 0.1530, 0.0811, 0.0440, 359.76
635, 0.2781, 0.8469, 0.1531, 0.0810, 0.0439, 359.28
636, 0.2831, 0.8457, 0.1543, 0.0832, 0.0456, 358.93
637, 0.2783, 0.8472, 0.1528, 0.0813, 0.0442, 357.74
638, 0.2798, 0.8465, 0.1535, 0.0818, 0.0445, 357.04
639, 0.2776, 0.8472, 0.1528, 0.0809, 0.0439, 357.81
640, 0.2784, 0.8469, 0.1531, 0.0812, 0.0441, 349.03
641, 0.2797, 0.8469, 0.1531, 0.0820, 0.0447, 363.90
642, 0.2767, 0.8476, 0.1524, 0.0806, 0.0437, 363.39
643, 0.2784, 0.8471, 0.1529, 0.0813, 0.0442, 363.47
644, 0.2771, 0.8475, 0.1525, 0.0807, 0.0438, 364.11
645, 0.2788, 0.8471, 0.1529, 0.0815, 0.0444, 363.56
646, 0.2763, 0.8477, 0.1523, 0.0805, 0.0436, 363.62
647, 0.2765, 0.8478, 0.1522, 0.0806, 0.0437, 363.76
648, 0.2776, 0.8474, 0.1526, 0.0810, 0.0440, 363.88
649, 0.2779, 0.8472, 0.1528, 0.0810, 0.0440, 363.74
650, 0.2809, 0.8466, 0.1534, 0.0824, 0.0451, 363.86
651, 0.2801, 0.8464, 0.1536, 0.0819, 0.0446, 363.86
652, 0.2773, 0.8475, 0.1525, 0.0809, 0.0439, 363.34
653, 0.2770, 0.8476, 0.1524, 0.0807, 0.0438, 363.37
654, 0.2783, 0.8472, 0.1528, 0.0813, 0.0442, 363.36
655, 0.2777, 0.8474, 0.1526, 0.0810, 0.0440, 364.26
656, 0.2771, 0.8476, 0.1524, 0.0808, 0.0439, 363.40
657, 0.2769, 0.8477, 0.1523, 0.0808, 0.0439, 363.67
658, 0.2781, 0.8477, 0.1523, 0.0814, 0.0444, 362.27
659, 0.2769, 0.8477, 0.1523, 0.0808, 0.0438, 361.40
660, 0.2774, 0.8474, 0.1526, 0.0809, 0.0439, 361.42
661, 0.2769, 0.8478, 0.1522, 0.0808, 0.0439, 360.00
662, 0.2764, 0.8477, 0.1523, 0.0805, 0.0437, 359.76
663, 0.2752, 0.8483, 0.1517, 0.0801, 0.0434, 359.73
664, 0.2789, 0.8468, 0.1532, 0.0815, 0.0443, 359.83
665, 0.2772, 0.8474, 0.1526, 0.0808, 0.0439, 358.74
666, 0.2769, 0.8478, 0.1522, 0.0808, 0.0439, 358.59
667, 0.2762, 0.8479, 0.1521, 0.0805, 0.0437, 352.47
668, 0.2763, 0.8476, 0.1524, 0.0804, 0.0435, 363.65
669, 0.2757, 0.8481, 0.1519, 0.0803, 0.0435, 363.34
670, 0.2766, 0.8480, 0.1520, 0.0807, 0.0439, 363.44
671, 0.2775, 0.8475, 0.1525, 0.0810, 0.0440, 368.50
672, 0.2760, 0.8480, 0.1520, 0.0804, 0.0436, 366.03
673, 0.2772, 0.8476, 0.1524, 0.0809, 0.0439, 361.21
674, 0.2774, 0.8475, 0.1525, 0.0810, 0.0440, 374.09
675, 0.2780, 0.8476, 0.1524, 0.0813, 0.0443, 377.84
676, 0.2756, 0.8483, 0.1517, 0.0803, 0.0436, 375.15
677, 0.2760, 0.8481, 0.1519, 0.0805, 0.0436, 375.07
678, 0.2774, 0.8478, 0.1522, 0.0811, 0.0441, 374.94
679, 0.2749, 0.8488, 0.1512, 0.0802, 0.0435, 373.45
680, 0.2764, 0.8481, 0.1519, 0.0806, 0.0438, 372.28
681, 0.2738, 0.8491, 0.1509, 0.0797, 0.0432, 370.91
682, 0.2749, 0.8485, 0.1515, 0.0800, 0.0433, 371.04
683, 0.2769, 0.8478, 0.1522, 0.0808, 0.0439, 371.02
684, 0.2764, 0.8479, 0.1521, 0.0806, 0.0438, 369.97
685, 0.2764, 0.8479, 0.1521, 0.0806, 0.0438, 367.62
686, 0.2775, 0.8475, 0.1525, 0.0810, 0.0440, 327.21
687, 0.2753, 0.8484, 0.1516, 0.0802, 0.0435, 313.62
688, 0.2737, 0.8490, 0.1510, 0.0796, 0.0431, 371.31
689, 0.2776, 0.8474, 0.1526, 0.0810, 0.0440, 369.54
690, 0.2745, 0.8489, 0.1511, 0.0800, 0.0434, 367.70
691, 0.2752, 0.8484, 0.1516, 0.0802, 0.0435, 366.28
692, 0.2753, 0.8483, 0.1517, 0.0802, 0.0435, 311.34
693, 0.2741, 0.8490, 0.1510, 0.0798, 0.0433, 307.24
694, 0.2757, 0.8485, 0.1515, 0.0805, 0.0437, 309.23
695, 0.2744, 0.8487, 0.1513, 0.0798, 0.0432, 311.55
696, 0.2753, 0.8483, 0.1517, 0.0802, 0.0434, 318.94
697, 0.2743, 0.8488, 0.1512, 0.0798, 0.0433, 319.15
698, 0.2755, 0.8483, 0.1517, 0.0802, 0.0435, 320.13
699, 0.2751, 0.8486, 0.1514, 0.0802, 0.0435, 320.97
700, 0.2739, 0.8490, 0.1510, 0.0797, 0.0432, 318.65
701, 0.2758, 0.8483, 0.1517, 0.0804, 0.0437, 320.15
702, 0.2750, 0.8487, 0.1513, 0.0801, 0.0435, 318.29
703, 0.2742, 0.8488, 0.1512, 0.0798, 0.0433, 318.49
704, 0.2749, 0.8486, 0.1514, 0.0801, 0.0435, 319.82
705, 0.2738, 0.8491, 0.1509, 0.0797, 0.0432, 317.89
706, 0.2731, 0.8493, 0.1507, 0.0794, 0.0430, 319.13
707, 0.2746, 0.8489, 0.1511, 0.0800, 0.0435, 342.13
708, 0.2745, 0.8488, 0.1512, 0.0799, 0.0433, 305.42
709, 0.2740, 0.8489, 0.1511, 0.0797, 0.0432, 362.39
710, 0.2738, 0.8490, 0.1510, 0.0796, 0.0431, 363.85
711, 0.2730, 0.8493, 0.1507, 0.0793, 0.0430, 363.69
712, 0.2742, 0.8489, 0.1511, 0.0798, 0.0433, 364.00
713, 0.2741, 0.8490, 0.1510, 0.0798, 0.0433, 364.13
714, 0.2751, 0.8485, 0.1515, 0.0801, 0.0435, 363.61
715, 0.2739, 0.8491, 0.1509, 0.0797, 0.0433, 363.59
716, 0.2750, 0.8487, 0.1513, 0.0802, 0.0435, 363.74
717, 0.2739, 0.8490, 0.1510, 0.0797, 0.0432, 363.97
718, 0.2734, 0.8492, 0.1508, 0.0796, 0.0431, 364.01
719, 0.2740, 0.8491, 0.1509, 0.0798, 0.0433, 363.82
720, 0.2751, 0.8486, 0.1514, 0.0801, 0.0435, 363.79
721, 0.2739, 0.8489, 0.1511, 0.0796, 0.0432, 364.01
722, 0.2725, 0.8496, 0.1504, 0.0792, 0.0429, 351.82
723, 0.2739, 0.8489, 0.1511, 0.0797, 0.0432, 363.94
724, 0.2730, 0.8493, 0.1507, 0.0794, 0.0430, 363.82
725, 0.2740, 0.8492, 0.1508, 0.0799, 0.0434, 363.84
726, 0.2746, 0.8487, 0.1513, 0.0800, 0.0434, 363.92
727, 0.2736, 0.8494, 0.1506, 0.0797, 0.0433, 363.95
728, 0.2743, 0.8488, 0.1512, 0.0798, 0.0432, 363.96
729, 0.2734, 0.8493, 0.1507, 0.0796, 0.0432, 363.91
730, 0.2727, 0.8496, 0.1504, 0.0793, 0.0430, 364.09
731, 0.2732, 0.8494, 0.1506, 0.0795, 0.0431, 363.88
732, 0.2721, 0.8497, 0.1503, 0.0790, 0.0428, 364.19
733, 0.2750, 0.8493, 0.1507, 0.0804, 0.0439, 363.67
734, 0.2726, 0.8495, 0.1505, 0.0793, 0.0429, 363.86
735, 0.2729, 0.8495, 0.1505, 0.0793, 0.0430, 364.00
736, 0.2732, 0.8494, 0.1506, 0.0795, 0.0431, 362.82
737, 0.2743, 0.8490, 0.1510, 0.0799, 0.0434, 360.72
738, 0.2749, 0.8487, 0.1513, 0.0802, 0.0435, 359.70
739, 0.2729, 0.8494, 0.1506, 0.0793, 0.0430, 359.95
740, 0.2741, 0.8489, 0.1511, 0.0798, 0.0432, 361.02
741, 0.2740, 0.8490, 0.1510, 0.0797, 0.0432, 359.60
742, 0.2712, 0.8501, 0.1499, 0.0787, 0.0425, 358.23
743, 0.2719, 0.8498, 0.1502, 0.0789, 0.0427, 357.26
744, 0.2721, 0.8498, 0.1502, 0.0791, 0.0428, 355.88
745, 0.2717, 0.8501, 0.1499, 0.0790, 0.0428, 356.82
746, 0.2736, 0.8492, 0.1508, 0.0796, 0.0432, 355.44
747, 0.2712, 0.8501, 0.1499, 0.0787, 0.0426, 355.81
748, 0.2729, 0.8495, 0.1505, 0.0794, 0.0430, 355.28
749, 0.2722, 0.8497, 0.1503, 0.0791, 0.0428, 356.66
750, 0.2734, 0.8492, 0.1508, 0.0795, 0.0431, 351.36
751, 0.2726, 0.8496, 0.1504, 0.0793, 0.0430, 365.42
752, 0.2723, 0.8498, 0.1502, 0.0792, 0.0429, 365.44
753, 0.2727, 0.8497, 0.1503, 0.0794, 0.0431, 365.12
754, 0.2716, 0.8500, 0.1500, 0.0789, 0.0427, 364.62
755, 0.2727, 0.8497, 0.1503, 0.0793, 0.0430, 365.05
756, 0.2746, 0.8492, 0.1508, 0.0802, 0.0436, 365.64
757, 0.2712, 0.8502, 0.1498, 0.0787, 0.0426, 366.11
758, 0.2723, 0.8499, 0.1501, 0.0792, 0.0430, 365.74
759, 0.2739, 0.8492, 0.1508, 0.0798, 0.0433, 364.96
760, 0.2708, 0.8503, 0.1497, 0.0786, 0.0425, 364.92
761, 0.2708, 0.8504, 0.1496, 0.0787, 0.0425, 365.00
762, 0.2732, 0.8497, 0.1503, 0.0796, 0.0432, 365.49
763, 0.2747, 0.8492, 0.1508, 0.0802, 0.0437, 365.90
764, 0.2733, 0.8499, 0.1501, 0.0798, 0.0435, 364.89
765, 0.2734, 0.8494, 0.1506, 0.0796, 0.0431, 359.96
766, 0.2725, 0.8498, 0.1502, 0.0793, 0.0430, 355.01
767, 0.2704, 0.8506, 0.1494, 0.0785, 0.0425, 354.82
768, 0.2738, 0.8492, 0.1508, 0.0797, 0.0433, 359.93
769, 0.2726, 0.8496, 0.1504, 0.0793, 0.0429, 353.23
770, 0.2713, 0.8501, 0.1499, 0.0788, 0.0426, 362.64
771, 0.2729, 0.8495, 0.1505, 0.0793, 0.0430, 358.76
772, 0.2723, 0.8498, 0.1502, 0.0792, 0.0430, 359.10
773, 0.2725, 0.8498, 0.1502, 0.0793, 0.0430, 357.95
774, 0.2707, 0.8506, 0.1494, 0.0787, 0.0426, 358.68
775, 0.2708, 0.8503, 0.1497, 0.0786, 0.0425, 356.68
776, 0.2713, 0.8504, 0.1496, 0.0789, 0.0428, 356.69
777, 0.2735, 0.8494, 0.1506, 0.0797, 0.0433, 349.38
778, 0.2720, 0.8498, 0.1502, 0.0790, 0.0428, 364.04
779, 0.2713, 0.8505, 0.1495, 0.0790, 0.0428, 363.02
780, 0.2714, 0.8500, 0.1500, 0.0788, 0.0426, 363.98
781, 0.2710, 0.8503, 0.1497, 0.0787, 0.0426, 363.81
782, 0.2711, 0.8503, 0.1497, 0.0788, 0.0426, 363.69
783, 0.2719, 0.8501, 0.1499, 0.0791, 0.0429, 363.46
784, 0.2716, 0.8502, 0.1498, 0.0790, 0.0428, 363.56
785, 0.2716, 0.8499, 0.1501, 0.0789, 0.0427, 363.88
786, 0.2706, 0.8504, 0.1496, 0.0785, 0.0425, 363.89
787, 0.2710, 0.8504, 0.1496, 0.0788, 0.0427, 363.68
788, 0.2713, 0.8503, 0.1497, 0.0789, 0.0427, 363.51
789, 0.2711, 0.8502, 0.1498, 0.0787, 0.0426, 363.47
790, 0.2709, 0.8502, 0.1498, 0.0786, 0.0425, 363.23
791, 0.2716, 0.8501, 0.1499, 0.0789, 0.0428, 363.85
792, 0.2723, 0.8497, 0.1503, 0.0791, 0.0429, 363.84
793, 0.2711, 0.8503, 0.1497, 0.0788, 0.0426, 363.86
794, 0.2713, 0.8505, 0.1495, 0.0790, 0.0428, 355.55
795, 0.2725, 0.8499, 0.1501, 0.0794, 0.0430, 363.06
796, 0.2707, 0.8505, 0.1495, 0.0786, 0.0426, 362.40
797, 0.2718, 0.8500, 0.1500, 0.0790, 0.0428, 362.00
798, 0.2720, 0.8503, 0.1497, 0.0792, 0.0430, 359.84
799, 0.2734, 0.8495, 0.1505, 0.0796, 0.0432, 361.32
800, 0.2715, 0.8503, 0.1497, 0.0790, 0.0428, 360.87
801, 0.2703, 0.8506, 0.1494, 0.0785, 0.0425, 360.04
802, 0.2698, 0.8508, 0.1492, 0.0782, 0.0423, 359.40
803, 0.2701, 0.8508, 0.1492, 0.0785, 0.0425, 357.66
804, 0.2698, 0.8510, 0.1490, 0.0784, 0.0424, 354.22
805, 0.2699, 0.8506, 0.1494, 0.0783, 0.0423, 363.47
806, 0.2702, 0.8507, 0.1493, 0.0785, 0.0425, 363.83
807, 0.2708, 0.8505, 0.1495, 0.0787, 0.0426, 363.55
808, 0.2714, 0.8504, 0.1496, 0.0789, 0.0428, 363.61
809, 0.2705, 0.8508, 0.1492, 0.0787, 0.0426, 363.48
810, 0.2689, 0.8511, 0.1489, 0.0779, 0.0421, 363.41
811, 0.2694, 0.8509, 0.1491, 0.0781, 0.0422, 363.52
812, 0.2694, 0.8511, 0.1489, 0.0782, 0.0423, 363.82
813, 0.2725, 0.8499, 0.1501, 0.0794, 0.0431, 363.44
814, 0.2718, 0.8500, 0.1500, 0.0790, 0.0428, 363.20
815, 0.2689, 0.8512, 0.1488, 0.0780, 0.0421, 363.40
816, 0.2694, 0.8510, 0.1490, 0.0781, 0.0423, 363.50
817, 0.2675, 0.8517, 0.1483, 0.0774, 0.0418, 363.44
818, 0.2706, 0.8505, 0.1495, 0.0786, 0.0425, 363.39
819, 0.2703, 0.8506, 0.1494, 0.0784, 0.0424, 363.38
820, 0.2707, 0.8507, 0.1493, 0.0787, 0.0427, 363.64
821, 0.2692, 0.8509, 0.1491, 0.0780, 0.0421, 363.88
822, 0.2689, 0.8513, 0.1487, 0.0780, 0.0422, 360.69
823, 0.2711, 0.8504, 0.1496, 0.0788, 0.0427, 361.39
824, 0.2694, 0.8511, 0.1489, 0.0782, 0.0423, 361.79
825, 0.2696, 0.8508, 0.1492, 0.0782, 0.0423, 360.56
826, 0.2705, 0.8506, 0.1494, 0.0786, 0.0425, 360.21
827, 0.2680, 0.8515, 0.1485, 0.0776, 0.0419, 359.69
828, 0.2692, 0.8512, 0.1488, 0.0781, 0.0423, 360.23
829, 0.2702, 0.8509, 0.1491, 0.0785, 0.0425, 358.95
830, 0.2707, 0.8505, 0.1495, 0.0786, 0.0426, 349.15
831, 0.2688, 0.8512, 0.1488, 0.0779, 0.0421, 364.01
832, 0.2688, 0.8511, 0.1489, 0.0779, 0.0421, 363.85
833, 0.2701, 0.8508, 0.1492, 0.0784, 0.0425, 363.85
834, 0.2686, 0.8513, 0.1487, 0.0778, 0.0421, 361.88
835, 0.2697, 0.8513, 0.1487, 0.0784, 0.0426, 363.37
836, 0.2708, 0.8507, 0.1493, 0.0788, 0.0427, 363.72
837, 0.2688, 0.8513, 0.1487, 0.0780, 0.0422, 365.03
838, 0.2678, 0.8516, 0.1484, 0.0776, 0.0419, 363.83
839, 0.2699, 0.8508, 0.1492, 0.0783, 0.0425, 363.44
840, 0.2709, 0.8507, 0.1493, 0.0788, 0.0428, 363.01
841, 0.2692, 0.8512, 0.1488, 0.0782, 0.0423, 363.49
842, 0.2710, 0.8506, 0.1494, 0.0789, 0.0428, 363.59
843, 0.2689, 0.8513, 0.1487, 0.0780, 0.0422, 363.34
844, 0.2697, 0.8509, 0.1491, 0.0783, 0.0424, 363.75
845, 0.2679, 0.8518, 0.1482, 0.0777, 0.0420, 361.70
846, 0.2713, 0.8502, 0.1498, 0.0788, 0.0427, 363.48
847, 0.2692, 0.8512, 0.1488, 0.0781, 0.0423, 363.66
848, 0.2682, 0.8515, 0.1485, 0.0777, 0.0420, 364.00
849, 0.2704, 0.8507, 0.1493, 0.0785, 0.0425, 363.68
850, 0.2712, 0.8510, 0.1490, 0.0791, 0.0431, 362.81
851, 0.2687, 0.8512, 0.1488, 0.0779, 0.0421, 361.27
852, 0.2686, 0.8514, 0.1486, 0.0779, 0.0422, 360.95
853, 0.2707, 0.8509, 0.1491, 0.0788, 0.0429, 361.34
854, 0.2692, 0.8513, 0.1487, 0.0782, 0.0423, 361.31
855, 0.2685, 0.8516, 0.1484, 0.0780, 0.0421, 360.33
856, 0.2683, 0.8519, 0.1481, 0.0780, 0.0422, 356.88
857, 0.2675, 0.8518, 0.1482, 0.0774, 0.0418, 354.66
858, 0.2697, 0.8511, 0.1489, 0.0783, 0.0424, 363.75
859, 0.2682, 0.8515, 0.1485, 0.0777, 0.0420, 363.32
860, 0.2702, 0.8508, 0.1492, 0.0785, 0.0425, 363.59
861, 0.2686, 0.8514, 0.1486, 0.0779, 0.0421, 363.84
862, 0.2682, 0.8515, 0.1485, 0.0777, 0.0420, 363.87
863, 0.2691, 0.8514, 0.1486, 0.0782, 0.0424, 364.06
864, 0.2689, 0.8513, 0.1487, 0.0781, 0.0422, 363.56
865, 0.2693, 0.8514, 0.1486, 0.0783, 0.0424, 363.55
866, 0.2674, 0.8519, 0.1481, 0.0775, 0.0419, 363.98
867, 0.2667, 0.8522, 0.1478, 0.0772, 0.0417, 363.72
868, 0.2698, 0.8510, 0.1490, 0.0784, 0.0424, 363.38
869, 0.2690, 0.8511, 0.1489, 0.0780, 0.0422, 363.57
870, 0.2670, 0.8520, 0.1480, 0.0773, 0.0418, 363.85
871, 0.2681, 0.8516, 0.1484, 0.0777, 0.0420, 364.05
872, 0.2676, 0.8518, 0.1482, 0.0775, 0.0418, 363.66
873, 0.2693, 0.8512, 0.1488, 0.0782, 0.0423, 363.93
874, 0.2686, 0.8513, 0.1487, 0.0778, 0.0421, 363.68
875, 0.2676, 0.8519, 0.1481, 0.0776, 0.0419, 362.71
876, 0.2693, 0.8511, 0.1489, 0.0781, 0.0423, 361.64
877, 0.2700, 0.8508, 0.1492, 0.0784, 0.0425, 361.20
878, 0.2678, 0.8516, 0.1484, 0.0775, 0.0419, 360.87
879, 0.2680, 0.8517, 0.1483, 0.0777, 0.0420, 360.05
880, 0.2681, 0.8516, 0.1484, 0.0777, 0.0420, 354.68
881, 0.2705, 0.8506, 0.1494, 0.0786, 0.0426, 361.29
882, 0.2681, 0.8516, 0.1484, 0.0777, 0.0420, 360.41
883, 0.2673, 0.8520, 0.1480, 0.0774, 0.0418, 350.75
884, 0.2669, 0.8521, 0.1479, 0.0773, 0.0417, 364.09
885, 0.2704, 0.8509, 0.1491, 0.0786, 0.0426, 363.88
886, 0.2690, 0.8513, 0.1487, 0.0781, 0.0422, 363.99
887, 0.2693, 0.8513, 0.1487, 0.0782, 0.0423, 363.60
888, 0.2696, 0.8512, 0.1488, 0.0784, 0.0425, 363.24
889, 0.2693, 0.8512, 0.1488, 0.0782, 0.0423, 363.21
890, 0.2683, 0.8516, 0.1484, 0.0778, 0.0421, 363.88
891, 0.2683, 0.8515, 0.1485, 0.0778, 0.0420, 363.53
892, 0.2688, 0.8515, 0.1485, 0.0781, 0.0423, 363.44
893, 0.2680, 0.8518, 0.1482, 0.0777, 0.0421, 363.24
894, 0.2668, 0.8523, 0.1477, 0.0773, 0.0418, 363.45
895, 0.2691, 0.8514, 0.1486, 0.0781, 0.0424, 363.40
896, 0.2678, 0.8517, 0.1483, 0.0776, 0.0419, 363.71
897, 0.2689, 0.8514, 0.1486, 0.0781, 0.0423, 363.40
898, 0.2692, 0.8515, 0.1485, 0.0783, 0.0424, 363.71
899, 0.2693, 0.8513, 0.1487, 0.0782, 0.0424, 363.30
900, 0.2669, 0.8522, 0.1478, 0.0774, 0.0418, 363.64
901, 0.2674, 0.8518, 0.1482, 0.0775, 0.0418, 363.28
902, 0.2670, 0.8522, 0.1478, 0.0774, 0.0418, 363.96
903, 0.2672, 0.8520, 0.1480, 0.0774, 0.0418, 363.33
904, 0.2682, 0.8517, 0.1483, 0.0778, 0.0421, 363.77
905, 0.2704, 0.8508, 0.1492, 0.0786, 0.0427, 363.18
906, 0.2668, 0.8522, 0.1478, 0.0772, 0.0417, 362.49
907, 0.2685, 0.8516, 0.1484, 0.0779, 0.0422, 360.94
908, 0.2684, 0.8515, 0.1485, 0.0778, 0.0421, 361.97
909, 0.2671, 0.8520, 0.1480, 0.0773, 0.0418, 349.72
910, 0.2687, 0.8514, 0.1486, 0.0780, 0.0421, 363.42
911, 0.2676, 0.8519, 0.1481, 0.0776, 0.0420, 363.58
912, 0.2666, 0.8522, 0.1478, 0.0772, 0.0417, 363.42
913, 0.2692, 0.8512, 0.1488, 0.0781, 0.0423, 363.64
914, 0.2663, 0.8521, 0.1479, 0.0770, 0.0415, 363.67
915, 0.2683, 0.8515, 0.1485, 0.0778, 0.0420, 363.54
916, 0.2681, 0.8517, 0.1483, 0.0777, 0.0420, 363.29
917, 0.2687, 0.8513, 0.1487, 0.0779, 0.0422, 363.96
918, 0.2678, 0.8519, 0.1481, 0.0777, 0.0420, 363.75
919, 0.2655, 0.8526, 0.1474, 0.0767, 0.0413, 363.80
920, 0.2683, 0.8516, 0.1484, 0.0778, 0.0421, 363.28
921, 0.2676, 0.8518, 0.1482, 0.0776, 0.0419, 363.29
922, 0.2664, 0.8524, 0.1476, 0.0771, 0.0416, 363.47
923, 0.2667, 0.8521, 0.1479, 0.0771, 0.0416, 363.81
924, 0.2665, 0.8524, 0.1476, 0.0773, 0.0417, 363.31
925, 0.2683, 0.8518, 0.1482, 0.0779, 0.0422, 363.39
926, 0.2676, 0.8518, 0.1482, 0.0775, 0.0419, 363.74
927, 0.2671, 0.8520, 0.1480, 0.0773, 0.0418, 363.47
928, 0.2656, 0.8526, 0.1474, 0.0768, 0.0414, 363.33
929, 0.2685, 0.8516, 0.1484, 0.0779, 0.0422, 363.69
930, 0.2643, 0.8531, 0.1469, 0.0763, 0.0411, 363.54
931, 0.2682, 0.8518, 0.1482, 0.0778, 0.0421, 363.69
932, 0.2657, 0.8527, 0.1473, 0.0769, 0.0415, 362.11
933, 0.2663, 0.8525, 0.1475, 0.0771, 0.0416, 361.52
934, 0.2662, 0.8523, 0.1477, 0.0770, 0.0415, 361.52
935, 0.2665, 0.8524, 0.1476, 0.0772, 0.0417, 358.50
936, 0.2679, 0.8518, 0.1482, 0.0776, 0.0420, 353.57
937, 0.2677, 0.8517, 0.1483, 0.0775, 0.0419, 363.65
938, 0.2671, 0.8521, 0.1479, 0.0774, 0.0418, 363.47
939, 0.2661, 0.8524, 0.1476, 0.0769, 0.0415, 363.45
940, 0.2683, 0.8515, 0.1485, 0.0778, 0.0420, 364.15
941, 0.2674, 0.8520, 0.1480, 0.0775, 0.0420, 363.94
942, 0.2653, 0.8527, 0.1473, 0.0767, 0.0413, 363.43
943, 0.2676, 0.8519, 0.1481, 0.0776, 0.0419, 363.56
944, 0.2684, 0.8514, 0.1486, 0.0778, 0.0420, 363.15
945, 0.2676, 0.8521, 0.1479, 0.0777, 0.0421, 363.50
946, 0.2666, 0.8523, 0.1477, 0.0772, 0.0417, 363.55
947, 0.2670, 0.8521, 0.1479, 0.0773, 0.0417, 364.24
948, 0.2664, 0.8524, 0.1476, 0.0771, 0.0417, 363.64
949, 0.2687, 0.8513, 0.1487, 0.0779, 0.0421, 363.75
950, 0.2676, 0.8519, 0.1481, 0.0776, 0.0420, 363.78
951, 0.2648, 0.8529, 0.1471, 0.0765, 0.0412, 364.03
952, 0.2655, 0.8525, 0.1475, 0.0767, 0.0413, 364.30
953, 0.2682, 0.8515, 0.1485, 0.0777, 0.0420, 364.07
954, 0.2666, 0.8522, 0.1478, 0.0772, 0.0417, 363.89
955, 0.2657, 0.8529, 0.1471, 0.0770, 0.0416, 363.99
956, 0.2649, 0.8531, 0.1469, 0.0767, 0.0413, 363.67
957, 0.2686, 0.8516, 0.1484, 0.0779, 0.0422, 363.07
958, 0.2684, 0.8516, 0.1484, 0.0779, 0.0421, 361.59
959, 0.2672, 0.8522, 0.1478, 0.0775, 0.0419, 361.79
960, 0.2666, 0.8521, 0.1479, 0.0771, 0.0416, 360.63
961, 0.2650, 0.8528, 0.1472, 0.0765, 0.0412, 361.20
962, 0.2658, 0.8526, 0.1474, 0.0769, 0.0415, 351.52
963, 0.2655, 0.8528, 0.1472, 0.0768, 0.0415, 363.96
964, 0.2659, 0.8525, 0.1475, 0.0769, 0.0415, 363.78
965, 0.2671, 0.8522, 0.1478, 0.0774, 0.0419, 360.76
966, 0.2671, 0.8521, 0.1479, 0.0774, 0.0418, 363.79
967, 0.2680, 0.8519, 0.1481, 0.0778, 0.0421, 363.67
968, 0.2675, 0.8521, 0.1479, 0.0776, 0.0420, 364.06
969, 0.2659, 0.8526, 0.1474, 0.0770, 0.0415, 363.85
970, 0.2668, 0.8522, 0.1478, 0.0773, 0.0417, 363.91
971, 0.2666, 0.8523, 0.1477, 0.0772, 0.0417, 363.70
972, 0.2640, 0.8532, 0.1468, 0.0762, 0.0411, 364.19
973, 0.2648, 0.8530, 0.1470, 0.0765, 0.0412, 364.10
974, 0.2692, 0.8522, 0.1478, 0.0789, 0.0425, 363.78
975, 0.2680, 0.8517, 0.1483, 0.0777, 0.0420, 363.90
976, 0.2681, 0.8521, 0.1479, 0.0779, 0.0423, 364.21
977, 0.2663, 0.8525, 0.1475, 0.0771, 0.0417, 363.85
978, 0.2680, 0.8516, 0.1484, 0.0777, 0.0420, 363.80
979, 0.2666, 0.8524, 0.1476, 0.0773, 0.0417, 364.32
980, 0.2653, 0.8530, 0.1470, 0.0768, 0.0414, 363.55
981, 0.2664, 0.8524, 0.1476, 0.0772, 0.0416, 364.00
982, 0.2663, 0.8524, 0.1476, 0.0771, 0.0416, 364.04
983, 0.2653, 0.8529, 0.1471, 0.0767, 0.0414, 363.89
984, 0.2668, 0.8522, 0.1478, 0.0773, 0.0418, 363.82
985, 0.2674, 0.8519, 0.1481, 0.0774, 0.0418, 362.43
986, 0.2654, 0.8529, 0.1471, 0.0768, 0.0415, 362.84
987, 0.2670, 0.8522, 0.1478, 0.0773, 0.0418, 362.62
988, 0.2661, 0.8525, 0.1475, 0.0771, 0.0416, 352.60
989, 0.2669, 0.8523, 0.1477, 0.0773, 0.0418, 364.09
990, 0.2669, 0.8522, 0.1478, 0.0773, 0.0418, 364.21
991, 0.2662, 0.8523, 0.1477, 0.0770, 0.0415, 363.74
992, 0.2663, 0.8522, 0.1478, 0.0770, 0.0416, 364.10
993, 0.2663, 0.8525, 0.1475, 0.0771, 0.0417, 364.11
994, 0.2677, 0.8519, 0.1481, 0.0776, 0.0420, 364.12
995, 0.2671, 0.8521, 0.1479, 0.0774, 0.0418, 363.82
996, 0.2659, 0.8524, 0.1476, 0.0769, 0.0415, 364.25
997, 0.2662, 0.8526, 0.1474, 0.0771, 0.0417, 363.86
998, 0.2671, 0.8522, 0.1478, 0.0774, 0.0419, 363.83
999, 0.2670, 0.8521, 0.1479, 0.0773, 0.0418, 364.00
1000, 0.2666, 0.8522, 0.1478, 0.0771, 0.0417, 364.04
