Epoch, Loss, Dice Score, Dice Loss, CE Loss, SkelRec Loss, Time
1, 0.9370, 0.3871, 0.6129, 0.7834, -0.4593, 513.86
2, 0.3130, 0.5414, 0.4586, 0.4449, -0.5905, 517.96
3, 0.1345, 0.6044, 0.3956, 0.3784, -0.6395, 517.04
4, 0.0419, 0.6392, 0.3608, 0.3456, -0.6646, 517.51
5, -0.0109, 0.6591, 0.3409, 0.3263, -0.6781, 516.81
6, -0.0495, 0.6734, 0.3266, 0.3116, -0.6878, 516.84
7, -0.0782, 0.6842, 0.3158, 0.3013, -0.6952, 516.55
8, -0.0970, 0.6905, 0.3095, 0.2934, -0.6999, 517.50
9, -0.1172, 0.6979, 0.3021, 0.2855, -0.7047, 518.01
10, -0.1324, 0.7030, 0.2970, 0.2793, -0.7087, 516.49
11, -0.1467, 0.7079, 0.2921, 0.2735, -0.7123, 517.56
12, -0.1585, 0.7115, 0.2885, 0.2686, -0.7156, 518.34
13, -0.1686, 0.7151, 0.2849, 0.2646, -0.7182, 516.92
14, -0.1804, 0.7190, 0.2810, 0.2598, -0.7212, 517.27
15, -0.1896, 0.7217, 0.2783, 0.2556, -0.7235, 516.56
16, -0.1992, 0.7249, 0.2751, 0.2513, -0.7256, 517.28
17, -0.2070, 0.7272, 0.2728, 0.2482, -0.7280, 517.61
18, -0.2148, 0.7296, 0.2704, 0.2445, -0.7297, 517.25
19, -0.2221, 0.7321, 0.2679, 0.2419, -0.7318, 516.36
20, -0.2297, 0.7343, 0.2657, 0.2385, -0.7338, 517.18
21, -0.2322, 0.7356, 0.2644, 0.2382, -0.7349, 517.06
22, -0.2428, 0.7385, 0.2615, 0.2325, -0.7368, 517.24
23, -0.2477, 0.7402, 0.2598, 0.2306, -0.7381, 515.79
24, -0.2533, 0.7420, 0.2580, 0.2285, -0.7398, 517.98
25, -0.2579, 0.7439, 0.2561, 0.2270, -0.7410, 517.08
26, -0.2637, 0.7453, 0.2547, 0.2243, -0.7427, 517.20
27, -0.2690, 0.7471, 0.2529, 0.2218, -0.7438, 518.07
28, -0.2752, 0.7490, 0.2510, 0.2190, -0.7453, 517.32
29, -0.2773, 0.7497, 0.2503, 0.2185, -0.7462, 517.77
30, -0.2851, 0.7523, 0.2477, 0.2155, -0.7483, 518.07
31, -0.2869, 0.7528, 0.2472, 0.2148, -0.7488, 517.18
32, -0.2927, 0.7547, 0.2453, 0.2123, -0.7502, 517.29
33, -0.2957, 0.7557, 0.2443, 0.2112, -0.7512, 517.62
34, -0.3011, 0.7574, 0.2426, 0.2088, -0.7525, 556.31
35, -0.3029, 0.7580, 0.2420, 0.2082, -0.7531, 572.13
36, -0.3090, 0.7597, 0.2403, 0.2054, -0.7547, 571.92
37, -0.3093, 0.7602, 0.2398, 0.2062, -0.7553, 569.71
38, -0.3164, 0.7623, 0.2377, 0.2024, -0.7565, 574.06
39, -0.3192, 0.7632, 0.2368, 0.2015, -0.7575, 569.54
40, -0.3237, 0.7644, 0.2356, 0.1994, -0.7586, 569.66
41, -0.3275, 0.7657, 0.2343, 0.1975, -0.7593, 570.74
42, -0.3303, 0.7666, 0.2334, 0.1966, -0.7603, 574.12
43, -0.3328, 0.7677, 0.2323, 0.1961, -0.7613, 572.65
44, -0.3342, 0.7681, 0.2319, 0.1958, -0.7619, 574.27
45, -0.3381, 0.7692, 0.2308, 0.1938, -0.7626, 574.29
46, -0.3420, 0.7704, 0.2296, 0.1917, -0.7633, 575.25
47, -0.3429, 0.7709, 0.2291, 0.1916, -0.7636, 574.41
48, -0.3446, 0.7715, 0.2285, 0.1912, -0.7643, 574.47
49, -0.3506, 0.7734, 0.2266, 0.1887, -0.7660, 575.72
50, -0.3515, 0.7736, 0.2264, 0.1881, -0.7659, 575.74
51, -0.3552, 0.7749, 0.2251, 0.1867, -0.7670, 574.63
52, -0.3560, 0.7750, 0.2250, 0.1864, -0.7674, 576.93
53, -0.3588, 0.7761, 0.2239, 0.1854, -0.7682, 574.15
54, -0.3590, 0.7765, 0.2235, 0.1860, -0.7684, 575.69
55, -0.3617, 0.7772, 0.2228, 0.1843, -0.7688, 575.20
56, -0.3674, 0.7790, 0.2210, 0.1817, -0.7702, 571.38
57, -0.3668, 0.7788, 0.2212, 0.1821, -0.7702, 570.67
58, -0.3698, 0.7798, 0.2202, 0.1811, -0.7711, 574.74
59, -0.3759, 0.7813, 0.2187, 0.1779, -0.7725, 572.86
60, -0.3740, 0.7809, 0.2191, 0.1794, -0.7724, 574.58
61, -0.3774, 0.7821, 0.2179, 0.1779, -0.7732, 572.14
62, -0.3795, 0.7828, 0.2172, 0.1768, -0.7736, 575.27
63, -0.3805, 0.7831, 0.2169, 0.1768, -0.7742, 572.98
64, -0.3816, 0.7836, 0.2164, 0.1762, -0.7743, 572.56
65, -0.3851, 0.7847, 0.2153, 0.1749, -0.7753, 574.04
66, -0.3877, 0.7856, 0.2144, 0.1736, -0.7757, 572.60
67, -0.3875, 0.7854, 0.2146, 0.1738, -0.7759, 572.66
68, -0.3883, 0.7859, 0.2141, 0.1740, -0.7764, 572.54
69, -0.3943, 0.7879, 0.2121, 0.1714, -0.7779, 571.53
70, -0.3924, 0.7874, 0.2126, 0.1728, -0.7778, 571.30
71, -0.3959, 0.7884, 0.2116, 0.1708, -0.7783, 573.68
72, -0.3979, 0.7887, 0.2113, 0.1691, -0.7783, 571.93
73, -0.3985, 0.7895, 0.2105, 0.1701, -0.7791, 571.03
74, -0.3992, 0.7896, 0.2104, 0.1693, -0.7789, 573.00
75, -0.4024, 0.7903, 0.2097, 0.1677, -0.7798, 572.06
76, -0.4032, 0.7907, 0.2093, 0.1677, -0.7803, 574.80
77, -0.4040, 0.7912, 0.2088, 0.1676, -0.7805, 574.87
78, -0.4068, 0.7919, 0.2081, 0.1665, -0.7814, 575.95
79, -0.4092, 0.7928, 0.2072, 0.1658, -0.7822, 575.03
80, -0.4112, 0.7935, 0.2065, 0.1646, -0.7823, 574.02
81, -0.4114, 0.7935, 0.2065, 0.1644, -0.7824, 574.14
82, -0.4127, 0.7937, 0.2063, 0.1639, -0.7828, 574.84
83, -0.4154, 0.7948, 0.2052, 0.1628, -0.7834, 573.84
84, -0.4182, 0.7955, 0.2045, 0.1613, -0.7840, 575.12
85, -0.4188, 0.7958, 0.2042, 0.1614, -0.7844, 572.66
86, -0.4183, 0.7959, 0.2041, 0.1624, -0.7847, 574.36
87, -0.4206, 0.7968, 0.2032, 0.1616, -0.7854, 574.58
88, -0.4188, 0.7963, 0.2037, 0.1623, -0.7848, 572.44
89, -0.4251, 0.7979, 0.2021, 0.1589, -0.7862, 574.91
90, -0.4222, 0.7973, 0.2027, 0.1610, -0.7858, 572.76
91, -0.4253, 0.7982, 0.2018, 0.1592, -0.7863, 571.65
92, -0.4262, 0.7984, 0.2016, 0.1587, -0.7865, 573.30
93, -0.4284, 0.7994, 0.2006, 0.1585, -0.7875, 573.28
94, -0.4285, 0.7995, 0.2005, 0.1582, -0.7872, 575.23
95, -0.4318, 0.8005, 0.1995, 0.1569, -0.7882, 574.18
96, -0.4323, 0.8004, 0.1996, 0.1564, -0.7883, 570.61
97, -0.4343, 0.8011, 0.1989, 0.1554, -0.7886, 569.11
98, -0.4322, 0.8008, 0.1992, 0.1566, -0.7880, 573.40
99, -0.4371, 0.8022, 0.1978, 0.1546, -0.7895, 574.21
100, -0.4369, 0.8021, 0.1979, 0.1545, -0.7893, 572.92
101, -0.4374, 0.8023, 0.1977, 0.1546, -0.7897, 574.38
102, -0.4388, 0.8028, 0.1972, 0.1542, -0.7902, 587.20
103, -0.4371, 0.8025, 0.1975, 0.1551, -0.7897, 574.97
104, -0.4412, 0.8035, 0.1965, 0.1532, -0.7908, 573.45
105, -0.4434, 0.8045, 0.1955, 0.1524, -0.7913, 574.80
106, -0.4435, 0.8044, 0.1956, 0.1519, -0.7910, 576.70
107, -0.4440, 0.8047, 0.1953, 0.1520, -0.7913, 573.26
108, -0.4454, 0.8051, 0.1949, 0.1516, -0.7919, 588.36
109, -0.4454, 0.8052, 0.1948, 0.1517, -0.7919, 617.75
110, -0.4443, 0.8050, 0.1950, 0.1525, -0.7918, 616.35
111, -0.4483, 0.8062, 0.1938, 0.1507, -0.7928, 614.62
112, -0.4488, 0.8063, 0.1937, 0.1502, -0.7928, 618.86
113, -0.4496, 0.8065, 0.1935, 0.1498, -0.7930, 623.12
114, -0.4517, 0.8072, 0.1928, 0.1491, -0.7936, 617.23
115, -0.4536, 0.8080, 0.1920, 0.1483, -0.7939, 612.65
116, -0.4524, 0.8078, 0.1922, 0.1497, -0.7943, 615.09
117, -0.4542, 0.8081, 0.1919, 0.1482, -0.7943, 614.93
118, -0.4546, 0.8084, 0.1916, 0.1484, -0.7946, 616.56
119, -0.4558, 0.8088, 0.1912, 0.1478, -0.7948, 614.40
120, -0.4561, 0.8090, 0.1910, 0.1477, -0.7947, 615.52
121, -0.4558, 0.8089, 0.1911, 0.1477, -0.7946, 615.11
122, -0.4592, 0.8099, 0.1901, 0.1462, -0.7955, 616.70
123, -0.4584, 0.8096, 0.1904, 0.1465, -0.7953, 615.55
124, -0.4594, 0.8099, 0.1901, 0.1461, -0.7955, 618.99
125, -0.4598, 0.8103, 0.1897, 0.1461, -0.7957, 617.97
126, -0.4617, 0.8110, 0.1890, 0.1452, -0.7960, 617.90
127, -0.4655, 0.8121, 0.1879, 0.1438, -0.7972, 617.97
128, -0.4623, 0.8112, 0.1888, 0.1451, -0.7962, 617.64
129, -0.4651, 0.8121, 0.1879, 0.1443, -0.7973, 616.63
130, -0.4633, 0.8115, 0.1885, 0.1449, -0.7967, 616.91
131, -0.4636, 0.8118, 0.1882, 0.1450, -0.7969, 614.15
132, -0.4696, 0.8135, 0.1865, 0.1421, -0.7982, 615.00
133, -0.4656, 0.8125, 0.1875, 0.1439, -0.7970, 614.78
134, -0.4661, 0.8125, 0.1875, 0.1440, -0.7977, 616.17
135, -0.4678, 0.8131, 0.1869, 0.1432, -0.7980, 615.64
136, -0.4677, 0.8131, 0.1869, 0.1431, -0.7977, 618.41
137, -0.4695, 0.8136, 0.1864, 0.1424, -0.7983, 617.71
138, -0.4700, 0.8136, 0.1864, 0.1418, -0.7983, 617.36
139, -0.4719, 0.8144, 0.1856, 0.1415, -0.7990, 616.84
140, -0.4713, 0.8141, 0.1859, 0.1414, -0.7986, 617.77
141, -0.4744, 0.8152, 0.1848, 0.1405, -0.7997, 616.30
142, -0.4717, 0.8146, 0.1854, 0.1420, -0.7992, 615.72
143, -0.4755, 0.8156, 0.1844, 0.1398, -0.7997, 616.96
144, -0.4755, 0.8158, 0.1842, 0.1403, -0.8000, 618.18
145, -0.4757, 0.8156, 0.1844, 0.1398, -0.7999, 619.26
146, -0.4777, 0.8165, 0.1835, 0.1393, -0.8006, 616.18
147, -0.4763, 0.8160, 0.1840, 0.1398, -0.8001, 616.91
148, -0.4766, 0.8164, 0.1836, 0.1402, -0.8004, 620.34
149, -0.4773, 0.8164, 0.1836, 0.1395, -0.8004, 616.94
150, -0.4780, 0.8168, 0.1832, 0.1394, -0.8006, 617.60
151, -0.4802, 0.8175, 0.1825, 0.1384, -0.8011, 615.26
152, -0.4829, 0.8181, 0.1819, 0.1371, -0.8019, 615.37
153, -0.4819, 0.8179, 0.1821, 0.1376, -0.8016, 616.36
154, -0.4794, 0.8174, 0.1826, 0.1392, -0.8012, 617.64
155, -0.4817, 0.8178, 0.1822, 0.1374, -0.8013, 617.69
156, -0.4831, 0.8183, 0.1817, 0.1371, -0.8019, 616.72
157, -0.4843, 0.8188, 0.1812, 0.1367, -0.8022, 617.69
158, -0.4853, 0.8190, 0.1810, 0.1363, -0.8025, 617.76
159, -0.4864, 0.8195, 0.1805, 0.1359, -0.8027, 616.75
160, -0.4860, 0.8193, 0.1807, 0.1363, -0.8029, 617.00
161, -0.4853, 0.8191, 0.1809, 0.1362, -0.8024, 618.08
162, -0.4861, 0.8195, 0.1805, 0.1360, -0.8026, 617.70
163, -0.4868, 0.8196, 0.1804, 0.1360, -0.8031, 617.11
164, -0.4872, 0.8202, 0.1798, 0.1362, -0.8032, 617.17
165, -0.4881, 0.8202, 0.1798, 0.1357, -0.8036, 614.92
166, -0.4901, 0.8205, 0.1795, 0.1344, -0.8040, 615.42
167, -0.4891, 0.8205, 0.1795, 0.1351, -0.8037, 616.66
168, -0.4915, 0.8213, 0.1787, 0.1341, -0.8044, 615.72
169, -0.4927, 0.8216, 0.1784, 0.1334, -0.8045, 613.89
170, -0.4919, 0.8215, 0.1785, 0.1337, -0.8042, 616.77
171, -0.4940, 0.8222, 0.1778, 0.1329, -0.8047, 614.73
172, -0.4902, 0.8210, 0.1790, 0.1350, -0.8042, 615.07
173, -0.4926, 0.8220, 0.1780, 0.1342, -0.8048, 615.73
174, -0.4925, 0.8219, 0.1781, 0.1337, -0.8043, 616.31
175, -0.4935, 0.8222, 0.1778, 0.1335, -0.8048, 614.63
176, -0.4948, 0.8226, 0.1774, 0.1331, -0.8053, 615.57
177, -0.4959, 0.8230, 0.1770, 0.1324, -0.8053, 615.43
178, -0.4966, 0.8231, 0.1769, 0.1321, -0.8056, 615.54
179, -0.4957, 0.8229, 0.1771, 0.1329, -0.8057, 611.04
180, -0.4964, 0.8233, 0.1767, 0.1323, -0.8055, 561.30
181, -0.4981, 0.8237, 0.1763, 0.1316, -0.8061, 562.99
182, -0.4983, 0.8238, 0.1762, 0.1315, -0.8060, 563.62
183, -0.4971, 0.8233, 0.1767, 0.1320, -0.8057, 565.17
184, -0.4990, 0.8239, 0.1761, 0.1312, -0.8062, 565.77
185, -0.5008, 0.8245, 0.1755, 0.1305, -0.8067, 566.86
186, -0.5003, 0.8244, 0.1756, 0.1306, -0.8066, 565.49
187, -0.4999, 0.8244, 0.1756, 0.1309, -0.8064, 565.43
188, -0.5015, 0.8247, 0.1753, 0.1301, -0.8069, 564.78
189, -0.5037, 0.8255, 0.1745, 0.1295, -0.8077, 598.08
190, -0.5033, 0.8254, 0.1746, 0.1293, -0.8073, 616.88
191, -0.5033, 0.8253, 0.1747, 0.1292, -0.8072, 617.13
192, -0.5022, 0.8252, 0.1748, 0.1306, -0.8075, 617.67
193, -0.5050, 0.8260, 0.1740, 0.1288, -0.8078, 616.20
194, -0.5029, 0.8255, 0.1745, 0.1302, -0.8076, 618.70
195, -0.5044, 0.8261, 0.1739, 0.1294, -0.8077, 618.21
196, -0.5053, 0.8263, 0.1737, 0.1289, -0.8079, 618.18
197, -0.5036, 0.8256, 0.1744, 0.1298, -0.8079, 617.97
198, -0.5060, 0.8263, 0.1737, 0.1286, -0.8082, 616.61
199, -0.5057, 0.8265, 0.1735, 0.1289, -0.8081, 617.34
200, -0.5062, 0.8266, 0.1734, 0.1288, -0.8084, 616.19
201, -0.5065, 0.8267, 0.1733, 0.1284, -0.8082, 614.96
202, -0.5060, 0.8265, 0.1735, 0.1289, -0.8083, 612.85
203, -0.5076, 0.8270, 0.1730, 0.1283, -0.8089, 611.15
204, -0.5101, 0.8276, 0.1724, 0.1269, -0.8093, 610.62
205, -0.5079, 0.8273, 0.1727, 0.1281, -0.8087, 613.92
206, -0.5095, 0.8278, 0.1722, 0.1276, -0.8093, 614.74
207, -0.5097, 0.8277, 0.1723, 0.1270, -0.8090, 616.25
208, -0.5106, 0.8283, 0.1717, 0.1273, -0.8096, 619.34
209, -0.5101, 0.8281, 0.1719, 0.1273, -0.8093, 618.22
210, -0.5125, 0.8289, 0.1711, 0.1265, -0.8100, 616.79
211, -0.5104, 0.8282, 0.1718, 0.1272, -0.8093, 619.01
212, -0.5091, 0.8277, 0.1723, 0.1276, -0.8089, 618.27
213, -0.5139, 0.8292, 0.1708, 0.1256, -0.8103, 617.51
214, -0.5112, 0.8286, 0.1714, 0.1272, -0.8098, 615.29
215, -0.5140, 0.8292, 0.1708, 0.1257, -0.8104, 617.10
216, -0.5153, 0.8297, 0.1703, 0.1250, -0.8105, 616.63
217, -0.5123, 0.8292, 0.1708, 0.1272, -0.8103, 617.87
218, -0.5162, 0.8302, 0.1698, 0.1250, -0.8110, 617.30
219, -0.5170, 0.8302, 0.1698, 0.1245, -0.8112, 618.82
220, -0.5129, 0.8292, 0.1708, 0.1265, -0.8102, 619.66
221, -0.5160, 0.8302, 0.1698, 0.1252, -0.8109, 606.60
222, -0.5127, 0.8291, 0.1709, 0.1265, -0.8101, 613.15
223, -0.5169, 0.8304, 0.1696, 0.1246, -0.8111, 612.85
224, -0.5156, 0.8300, 0.1700, 0.1251, -0.8107, 612.95
225, -0.5170, 0.8302, 0.1698, 0.1243, -0.8112, 613.60
226, -0.5176, 0.8308, 0.1692, 0.1244, -0.8112, 616.16
227, -0.5172, 0.8308, 0.1692, 0.1249, -0.8113, 611.98
228, -0.5162, 0.8300, 0.1700, 0.1250, -0.8111, 610.86
229, -0.5200, 0.8313, 0.1687, 0.1232, -0.8119, 613.71
230, -0.5212, 0.8318, 0.1682, 0.1227, -0.8120, 613.27
231, -0.5169, 0.8308, 0.1692, 0.1252, -0.8113, 612.12
232, -0.5198, 0.8314, 0.1686, 0.1236, -0.8119, 615.95
233, -0.5204, 0.8317, 0.1683, 0.1233, -0.8121, 585.37
234, -0.5203, 0.8317, 0.1683, 0.1234, -0.8119, 571.34
235, -0.5234, 0.8326, 0.1674, 0.1219, -0.8127, 572.39
236, -0.5193, 0.8313, 0.1687, 0.1241, -0.8121, 572.05
237, -0.5223, 0.8324, 0.1676, 0.1229, -0.8128, 570.65
238, -0.5223, 0.8324, 0.1676, 0.1226, -0.8125, 570.61
239, -0.5229, 0.8325, 0.1675, 0.1223, -0.8127, 572.19
240, -0.5236, 0.8330, 0.1670, 0.1227, -0.8133, 572.63
241, -0.5218, 0.8324, 0.1676, 0.1230, -0.8125, 570.62
242, -0.5226, 0.8325, 0.1675, 0.1225, -0.8126, 570.99
243, -0.5238, 0.8328, 0.1672, 0.1218, -0.8128, 570.52
244, -0.5236, 0.8328, 0.1672, 0.1223, -0.8131, 572.73
245, -0.5238, 0.8328, 0.1672, 0.1221, -0.8131, 570.63
246, -0.5254, 0.8336, 0.1664, 0.1216, -0.8134, 570.71
247, -0.5247, 0.8333, 0.1667, 0.1217, -0.8131, 571.75
248, -0.5267, 0.8337, 0.1663, 0.1209, -0.8139, 574.32
249, -0.5231, 0.8328, 0.1672, 0.1225, -0.8128, 570.04
250, -0.5272, 0.8340, 0.1660, 0.1206, -0.8139, 572.75
251, -0.5252, 0.8333, 0.1667, 0.1216, -0.8135, 570.89
252, -0.5244, 0.8334, 0.1666, 0.1224, -0.8135, 571.74
253, -0.5267, 0.8338, 0.1662, 0.1210, -0.8139, 569.99
254, -0.5271, 0.8341, 0.1659, 0.1210, -0.8140, 573.19
255, -0.5267, 0.8339, 0.1661, 0.1211, -0.8139, 572.14
256, -0.5274, 0.8343, 0.1657, 0.1209, -0.8141, 570.57
257, -0.5275, 0.8345, 0.1655, 0.1210, -0.8140, 569.36
258, -0.5300, 0.8351, 0.1649, 0.1197, -0.8146, 570.78
259, -0.5268, 0.8342, 0.1658, 0.1210, -0.8137, 570.43
260, -0.5299, 0.8351, 0.1649, 0.1199, -0.8147, 571.70
261, -0.5301, 0.8351, 0.1649, 0.1198, -0.8147, 571.69
262, -0.5291, 0.8347, 0.1653, 0.1200, -0.8144, 570.92
263, -0.5286, 0.8348, 0.1652, 0.1204, -0.8143, 571.21
264, -0.5300, 0.8351, 0.1649, 0.1199, -0.8148, 571.82
265, -0.5317, 0.8358, 0.1642, 0.1192, -0.8151, 570.89
266, -0.5318, 0.8357, 0.1643, 0.1190, -0.8150, 571.01
267, -0.5328, 0.8362, 0.1638, 0.1187, -0.8153, 570.45
268, -0.5309, 0.8355, 0.1645, 0.1197, -0.8151, 570.77
269, -0.5306, 0.8357, 0.1643, 0.1200, -0.8149, 569.59
270, -0.5310, 0.8357, 0.1643, 0.1196, -0.8150, 568.85
271, -0.5331, 0.8362, 0.1638, 0.1188, -0.8157, 570.13
272, -0.5332, 0.8363, 0.1637, 0.1186, -0.8155, 570.12
273, -0.5300, 0.8354, 0.1646, 0.1202, -0.8148, 570.57
274, -0.5331, 0.8363, 0.1637, 0.1189, -0.8157, 571.58
275, -0.5356, 0.8371, 0.1629, 0.1176, -0.8160, 570.58
276, -0.5360, 0.8372, 0.1628, 0.1175, -0.8163, 571.60
277, -0.5344, 0.8367, 0.1633, 0.1184, -0.8160, 570.80
278, -0.5363, 0.8372, 0.1628, 0.1173, -0.8164, 572.09
279, -0.5352, 0.8370, 0.1630, 0.1178, -0.8160, 570.73
280, -0.5308, 0.8362, 0.1638, 0.1210, -0.8155, 571.08
281, -0.5344, 0.8367, 0.1633, 0.1183, -0.8160, 571.12
282, -0.5338, 0.8366, 0.1634, 0.1187, -0.8159, 570.79
283, -0.5326, 0.8362, 0.1638, 0.1194, -0.8157, 570.14
284, -0.5367, 0.8377, 0.1623, 0.1173, -0.8163, 572.26
285, -0.5378, 0.8380, 0.1620, 0.1169, -0.8168, 571.10
286, -0.5371, 0.8376, 0.1624, 0.1170, -0.8165, 571.71
287, -0.5363, 0.8375, 0.1625, 0.1177, -0.8165, 572.65
288, -0.5370, 0.8375, 0.1625, 0.1172, -0.8166, 573.17
289, -0.5380, 0.8379, 0.1621, 0.1169, -0.8169, 571.79
290, -0.5374, 0.8378, 0.1622, 0.1172, -0.8167, 572.20
291, -0.5352, 0.8372, 0.1628, 0.1179, -0.8160, 571.67
292, -0.5382, 0.8381, 0.1619, 0.1166, -0.8167, 572.63
293, -0.5380, 0.8381, 0.1619, 0.1172, -0.8171, 570.84
294, -0.5371, 0.8378, 0.1622, 0.1174, -0.8167, 572.54
295, -0.5394, 0.8384, 0.1616, 0.1163, -0.8172, 571.32
296, -0.5373, 0.8382, 0.1618, 0.1177, -0.8168, 587.36
297, -0.5405, 0.8388, 0.1612, 0.1159, -0.8176, 573.35
298, -0.5393, 0.8384, 0.1616, 0.1166, -0.8175, 571.76
299, -0.5401, 0.8390, 0.1610, 0.1166, -0.8177, 572.49
300, -0.5385, 0.8383, 0.1617, 0.1167, -0.8169, 573.11
301, -0.5409, 0.8388, 0.1612, 0.1154, -0.8175, 572.20
302, -0.5382, 0.8380, 0.1620, 0.1167, -0.8169, 572.85
303, -0.5402, 0.8390, 0.1610, 0.1165, -0.8177, 572.85
304, -0.5399, 0.8389, 0.1611, 0.1165, -0.8176, 573.51
305, -0.5422, 0.8394, 0.1606, 0.1154, -0.8182, 574.27
306, -0.5413, 0.8392, 0.1608, 0.1157, -0.8178, 575.38
307, -0.5422, 0.8396, 0.1604, 0.1152, -0.8179, 574.45
308, -0.5416, 0.8395, 0.1605, 0.1156, -0.8176, 573.69
309, -0.5410, 0.8391, 0.1609, 0.1157, -0.8176, 572.71
310, -0.5423, 0.8397, 0.1603, 0.1154, -0.8181, 572.55
311, -0.5426, 0.8397, 0.1603, 0.1153, -0.8182, 571.24
312, -0.5415, 0.8395, 0.1605, 0.1157, -0.8177, 573.00
313, -0.5420, 0.8395, 0.1605, 0.1153, -0.8178, 571.54
314, -0.5432, 0.8400, 0.1600, 0.1150, -0.8181, 572.47
315, -0.5419, 0.8396, 0.1604, 0.1155, -0.8178, 571.77
316, -0.5436, 0.8400, 0.1600, 0.1151, -0.8186, 573.09
317, -0.5432, 0.8399, 0.1601, 0.1148, -0.8180, 572.14
318, -0.5438, 0.8402, 0.1598, 0.1150, -0.8186, 572.55
319, -0.5452, 0.8407, 0.1593, 0.1141, -0.8187, 572.09
320, -0.5457, 0.8408, 0.1592, 0.1140, -0.8189, 572.42
321, -0.5445, 0.8404, 0.1596, 0.1146, -0.8187, 571.59
322, -0.5453, 0.8406, 0.1594, 0.1141, -0.8187, 572.13
323, -0.5447, 0.8405, 0.1595, 0.1145, -0.8187, 572.56
324, -0.5472, 0.8411, 0.1589, 0.1134, -0.8194, 572.26
325, -0.5456, 0.8408, 0.1592, 0.1143, -0.8191, 570.54
326, -0.5449, 0.8407, 0.1593, 0.1145, -0.8188, 571.59
327, -0.5465, 0.8409, 0.1591, 0.1139, -0.8194, 571.95
328, -0.5467, 0.8411, 0.1589, 0.1136, -0.8192, 572.40
329, -0.5485, 0.8416, 0.1584, 0.1127, -0.8196, 572.13
330, -0.5466, 0.8412, 0.1588, 0.1138, -0.8192, 572.89
331, -0.5456, 0.8410, 0.1590, 0.1145, -0.8191, 571.44
332, -0.5468, 0.8412, 0.1588, 0.1138, -0.8194, 573.32
333, -0.5480, 0.8416, 0.1584, 0.1131, -0.8195, 571.62
334, -0.5485, 0.8419, 0.1581, 0.1130, -0.8196, 572.27
335, -0.5491, 0.8419, 0.1581, 0.1127, -0.8199, 571.54
336, -0.5481, 0.8417, 0.1583, 0.1132, -0.8196, 572.62
337, -0.5480, 0.8417, 0.1583, 0.1130, -0.8194, 571.20
338, -0.5515, 0.8428, 0.1572, 0.1117, -0.8204, 571.33
339, -0.5519, 0.8430, 0.1570, 0.1117, -0.8205, 570.79
340, -0.5483, 0.8419, 0.1581, 0.1132, -0.8197, 571.59
341, -0.5515, 0.8429, 0.1571, 0.1119, -0.8205, 576.13
342, -0.5507, 0.8426, 0.1574, 0.1121, -0.8202, 595.77
343, -0.5503, 0.8425, 0.1575, 0.1124, -0.8202, 589.41
344, -0.5514, 0.8427, 0.1573, 0.1117, -0.8204, 589.97
345, -0.5509, 0.8426, 0.1574, 0.1120, -0.8204, 584.74
346, -0.5506, 0.8425, 0.1575, 0.1123, -0.8204, 585.75
347, -0.5511, 0.8428, 0.1572, 0.1123, -0.8206, 593.38
348, -0.5524, 0.8433, 0.1567, 0.1116, -0.8207, 590.93
349, -0.5503, 0.8429, 0.1571, 0.1132, -0.8205, 591.82
350, -0.5515, 0.8430, 0.1570, 0.1120, -0.8205, 597.89
351, -0.5524, 0.8432, 0.1568, 0.1115, -0.8207, 590.26
352, -0.5536, 0.8434, 0.1566, 0.1112, -0.8213, 584.09
353, -0.5529, 0.8434, 0.1566, 0.1112, -0.8208, 595.75
354, -0.5524, 0.8433, 0.1567, 0.1119, -0.8210, 585.44
355, -0.5517, 0.8430, 0.1570, 0.1117, -0.8205, 600.86
356, -0.5500, 0.8427, 0.1573, 0.1131, -0.8204, 585.17
357, -0.5531, 0.8434, 0.1566, 0.1114, -0.8211, 600.59
358, -0.5541, 0.8438, 0.1562, 0.1110, -0.8213, 584.64
359, -0.5549, 0.8440, 0.1560, 0.1105, -0.8214, 571.31
360, -0.5557, 0.8443, 0.1557, 0.1103, -0.8217, 571.64
361, -0.5526, 0.8434, 0.1566, 0.1116, -0.8209, 571.63
362, -0.5538, 0.8439, 0.1561, 0.1115, -0.8213, 571.62
363, -0.5534, 0.8435, 0.1565, 0.1113, -0.8211, 570.63
364, -0.5552, 0.8442, 0.1558, 0.1106, -0.8216, 572.02
365, -0.5516, 0.8432, 0.1568, 0.1124, -0.8207, 571.41
366, -0.5554, 0.8443, 0.1557, 0.1105, -0.8216, 571.86
367, -0.5556, 0.8444, 0.1556, 0.1104, -0.8217, 571.12
368, -0.5538, 0.8439, 0.1561, 0.1113, -0.8212, 571.70
369, -0.5561, 0.8447, 0.1553, 0.1107, -0.8220, 571.52
370, -0.5547, 0.8440, 0.1560, 0.1109, -0.8216, 572.35
371, -0.5561, 0.8448, 0.1552, 0.1104, -0.8218, 571.69
372, -0.5561, 0.8446, 0.1554, 0.1104, -0.8219, 570.61
373, -0.5543, 0.8442, 0.1558, 0.1111, -0.8212, 571.42
374, -0.5567, 0.8446, 0.1554, 0.1097, -0.8218, 571.62
375, -0.5552, 0.8443, 0.1557, 0.1106, -0.8215, 571.45
376, -0.5562, 0.8447, 0.1553, 0.1102, -0.8218, 571.19
377, -0.5577, 0.8450, 0.1550, 0.1094, -0.8220, 571.12
378, -0.5570, 0.8451, 0.1549, 0.1105, -0.8224, 571.28
379, -0.5585, 0.8455, 0.1545, 0.1094, -0.8225, 569.72
380, -0.5570, 0.8450, 0.1550, 0.1100, -0.8220, 571.65
381, -0.5573, 0.8450, 0.1550, 0.1097, -0.8219, 571.59
382, -0.5579, 0.8453, 0.1547, 0.1097, -0.8223, 572.42
383, -0.5576, 0.8453, 0.1547, 0.1099, -0.8222, 571.24
384, -0.5570, 0.8448, 0.1552, 0.1098, -0.8221, 572.49
385, -0.5581, 0.8452, 0.1548, 0.1095, -0.8224, 571.14
386, -0.5600, 0.8459, 0.1541, 0.1086, -0.8227, 571.75
387, -0.5581, 0.8454, 0.1546, 0.1099, -0.8226, 570.96
388, -0.5578, 0.8453, 0.1547, 0.1100, -0.8225, 571.31
389, -0.5584, 0.8454, 0.1546, 0.1094, -0.8224, 571.21
390, -0.5582, 0.8456, 0.1544, 0.1101, -0.8228, 572.28
391, -0.5600, 0.8459, 0.1541, 0.1087, -0.8228, 570.70
392, -0.5595, 0.8457, 0.1543, 0.1091, -0.8229, 571.71
393, -0.5583, 0.8455, 0.1545, 0.1096, -0.8224, 571.13
394, -0.5601, 0.8463, 0.1537, 0.1091, -0.8229, 571.53
395, -0.5602, 0.8461, 0.1539, 0.1087, -0.8228, 570.54
396, -0.5592, 0.8458, 0.1542, 0.1092, -0.8226, 571.28
397, -0.5617, 0.8466, 0.1534, 0.1081, -0.8232, 570.96
398, -0.5606, 0.8461, 0.1539, 0.1086, -0.8231, 570.91
399, -0.5600, 0.8460, 0.1540, 0.1087, -0.8228, 570.10
400, -0.5591, 0.8460, 0.1540, 0.1096, -0.8227, 570.76
401, -0.5602, 0.8460, 0.1540, 0.1087, -0.8229, 570.65
402, -0.5601, 0.8462, 0.1538, 0.1089, -0.8228, 571.88
403, -0.5615, 0.8464, 0.1536, 0.1082, -0.8232, 590.16
404, -0.5623, 0.8467, 0.1533, 0.1079, -0.8235, 573.30
405, -0.5596, 0.8461, 0.1539, 0.1093, -0.8228, 572.74
406, -0.5625, 0.8470, 0.1530, 0.1080, -0.8236, 571.54
407, -0.5630, 0.8472, 0.1528, 0.1081, -0.8239, 572.86
408, -0.5621, 0.8470, 0.1530, 0.1084, -0.8235, 573.11
409, -0.5613, 0.8465, 0.1535, 0.1084, -0.8232, 572.97
410, -0.5627, 0.8470, 0.1530, 0.1079, -0.8237, 573.94
411, -0.5634, 0.8472, 0.1528, 0.1075, -0.8237, 574.38
412, -0.5625, 0.8471, 0.1529, 0.1080, -0.8234, 574.53
413, -0.5619, 0.8469, 0.1531, 0.1084, -0.8234, 573.97
414, -0.5604, 0.8464, 0.1536, 0.1091, -0.8231, 575.17
415, -0.5632, 0.8472, 0.1528, 0.1075, -0.8235, 575.03
416, -0.5637, 0.8474, 0.1526, 0.1076, -0.8239, 573.38
417, -0.5641, 0.8474, 0.1526, 0.1073, -0.8240, 572.93
418, -0.5635, 0.8473, 0.1527, 0.1075, -0.8237, 574.04
419, -0.5650, 0.8478, 0.1522, 0.1069, -0.8242, 574.27
420, -0.5627, 0.8471, 0.1529, 0.1079, -0.8235, 573.80
421, -0.5634, 0.8474, 0.1526, 0.1076, -0.8236, 572.16
422, -0.5628, 0.8471, 0.1529, 0.1080, -0.8237, 572.00
423, -0.5645, 0.8478, 0.1522, 0.1076, -0.8242, 572.02
424, -0.5642, 0.8476, 0.1524, 0.1074, -0.8240, 574.85
425, -0.5650, 0.8478, 0.1522, 0.1069, -0.8241, 574.09
426, -0.5644, 0.8476, 0.1524, 0.1073, -0.8241, 573.74
427, -0.5644, 0.8479, 0.1521, 0.1077, -0.8243, 574.05
428, -0.5647, 0.8477, 0.1523, 0.1071, -0.8241, 573.65
429, -0.5651, 0.8477, 0.1523, 0.1068, -0.8242, 572.60
430, -0.5673, 0.8488, 0.1512, 0.1061, -0.8247, 574.14
431, -0.5662, 0.8483, 0.1517, 0.1066, -0.8245, 574.17
432, -0.5641, 0.8479, 0.1521, 0.1082, -0.8244, 573.58
433, -0.5647, 0.8480, 0.1520, 0.1074, -0.8242, 572.29
434, -0.5669, 0.8484, 0.1516, 0.1061, -0.8246, 572.11
435, -0.5636, 0.8474, 0.1526, 0.1077, -0.8240, 572.62
436, -0.5645, 0.8478, 0.1522, 0.1073, -0.8240, 574.06
437, -0.5658, 0.8480, 0.1520, 0.1067, -0.8245, 572.74
438, -0.5657, 0.8480, 0.1520, 0.1068, -0.8244, 573.66
439, -0.5667, 0.8484, 0.1516, 0.1063, -0.8246, 572.96
440, -0.5644, 0.8478, 0.1522, 0.1075, -0.8242, 573.14
441, -0.5678, 0.8488, 0.1512, 0.1058, -0.8248, 573.70
442, -0.5680, 0.8491, 0.1509, 0.1060, -0.8249, 573.63
443, -0.5663, 0.8485, 0.1515, 0.1065, -0.8243, 573.94
444, -0.5683, 0.8492, 0.1508, 0.1056, -0.8248, 574.32
445, -0.5674, 0.8486, 0.1514, 0.1060, -0.8248, 570.50
446, -0.5674, 0.8485, 0.1515, 0.1059, -0.8248, 575.47
447, -0.5678, 0.8489, 0.1511, 0.1060, -0.8249, 572.11
448, -0.5700, 0.8494, 0.1506, 0.1049, -0.8255, 574.43
449, -0.5674, 0.8487, 0.1513, 0.1060, -0.8247, 573.32
450, -0.5682, 0.8490, 0.1510, 0.1057, -0.8249, 573.89
451, -0.5676, 0.8488, 0.1512, 0.1060, -0.8247, 573.91
452, -0.5685, 0.8491, 0.1509, 0.1057, -0.8251, 573.75
453, -0.5694, 0.8494, 0.1506, 0.1054, -0.8254, 573.66
454, -0.5690, 0.8494, 0.1506, 0.1053, -0.8250, 575.98
455, -0.5681, 0.8489, 0.1511, 0.1059, -0.8251, 573.88
456, -0.5697, 0.8495, 0.1505, 0.1053, -0.8256, 574.75
457, -0.5686, 0.8494, 0.1506, 0.1060, -0.8253, 574.13
458, -0.5694, 0.8495, 0.1505, 0.1053, -0.8253, 575.04
459, -0.5705, 0.8498, 0.1502, 0.1050, -0.8257, 574.59
460, -0.5674, 0.8490, 0.1510, 0.1065, -0.8249, 580.51
461, -0.5697, 0.8495, 0.1505, 0.1053, -0.8254, 586.02
462, -0.5691, 0.8494, 0.1506, 0.1055, -0.8251, 595.49
463, -0.5691, 0.8494, 0.1506, 0.1056, -0.8253, 592.23
464, -0.5694, 0.8497, 0.1503, 0.1056, -0.8254, 589.12
465, -0.5681, 0.8491, 0.1509, 0.1062, -0.8252, 591.21
466, -0.5717, 0.8502, 0.1498, 0.1045, -0.8260, 600.59
467, -0.5704, 0.8499, 0.1501, 0.1052, -0.8257, 596.20
468, -0.5698, 0.8496, 0.1504, 0.1053, -0.8255, 597.95
469, -0.5693, 0.8493, 0.1507, 0.1055, -0.8255, 586.54
470, -0.5706, 0.8501, 0.1499, 0.1051, -0.8256, 592.82
471, -0.5710, 0.8501, 0.1499, 0.1050, -0.8259, 593.79
472, -0.5715, 0.8502, 0.1498, 0.1045, -0.8259, 587.54
473, -0.5716, 0.8503, 0.1497, 0.1047, -0.8259, 597.43
474, -0.5706, 0.8502, 0.1498, 0.1053, -0.8257, 596.30
475, -0.5723, 0.8505, 0.1495, 0.1043, -0.8262, 598.22
476, -0.5717, 0.8503, 0.1497, 0.1047, -0.8261, 612.88
477, -0.5713, 0.8502, 0.1498, 0.1047, -0.8257, 607.29
478, -0.5706, 0.8501, 0.1499, 0.1052, -0.8257, 599.95
479, -0.5716, 0.8504, 0.1496, 0.1048, -0.8260, 615.46
480, -0.5724, 0.8506, 0.1494, 0.1043, -0.8262, 600.33
481, -0.5716, 0.8504, 0.1496, 0.1048, -0.8260, 608.20
482, -0.5736, 0.8509, 0.1491, 0.1039, -0.8266, 619.87
483, -0.5721, 0.8505, 0.1495, 0.1043, -0.8260, 602.32
484, -0.5730, 0.8508, 0.1492, 0.1041, -0.8263, 614.24
485, -0.5752, 0.8517, 0.1483, 0.1035, -0.8270, 605.95
486, -0.5709, 0.8502, 0.1498, 0.1053, -0.8260, 605.23
487, -0.5729, 0.8508, 0.1492, 0.1043, -0.8264, 607.09
488, -0.5727, 0.8506, 0.1494, 0.1039, -0.8260, 613.67
489, -0.5709, 0.8501, 0.1499, 0.1049, -0.8257, 608.32
490, -0.5727, 0.8509, 0.1491, 0.1044, -0.8262, 610.45
491, -0.5728, 0.8508, 0.1492, 0.1042, -0.8261, 609.53
492, -0.5754, 0.8514, 0.1486, 0.1028, -0.8268, 589.22
493, -0.5729, 0.8507, 0.1493, 0.1041, -0.8263, 596.85
494, -0.5732, 0.8511, 0.1489, 0.1042, -0.8263, 583.26
495, -0.5732, 0.8508, 0.1492, 0.1039, -0.8263, 575.38
496, -0.5718, 0.8502, 0.1498, 0.1045, -0.8261, 574.79
497, -0.5751, 0.8515, 0.1485, 0.1032, -0.8267, 574.48
498, -0.5740, 0.8511, 0.1489, 0.1036, -0.8265, 575.01
499, -0.5764, 0.8520, 0.1480, 0.1027, -0.8272, 573.49
500, -0.5729, 0.8507, 0.1493, 0.1041, -0.8263, 574.67
501, -0.5738, 0.8512, 0.1488, 0.1040, -0.8266, 574.59
502, -0.5729, 0.8513, 0.1487, 0.1051, -0.8267, 588.38
503, -0.5729, 0.8511, 0.1489, 0.1047, -0.8265, 596.47
504, -0.5751, 0.8517, 0.1483, 0.1034, -0.8269, 587.55
505, -0.5771, 0.8523, 0.1477, 0.1025, -0.8272, 596.97
506, -0.5763, 0.8520, 0.1480, 0.1029, -0.8272, 587.02
507, -0.5756, 0.8518, 0.1482, 0.1030, -0.8268, 596.73
508, -0.5762, 0.8520, 0.1480, 0.1029, -0.8271, 592.20
509, -0.5740, 0.8515, 0.1485, 0.1042, -0.8267, 592.44
510, -0.5773, 0.8522, 0.1478, 0.1023, -0.8274, 596.37
511, -0.5740, 0.8512, 0.1488, 0.1038, -0.8266, 587.01
512, -0.5753, 0.8517, 0.1483, 0.1033, -0.8270, 597.44
513, -0.5763, 0.8520, 0.1480, 0.1027, -0.8271, 587.02
514, -0.5772, 0.8523, 0.1477, 0.1024, -0.8272, 596.84
515, -0.5755, 0.8517, 0.1483, 0.1033, -0.8271, 589.79
516, -0.5764, 0.8519, 0.1481, 0.1026, -0.8271, 594.48
517, -0.5764, 0.8520, 0.1480, 0.1027, -0.8272, 592.73
518, -0.5764, 0.8520, 0.1480, 0.1030, -0.8274, 590.28
519, -0.5754, 0.8516, 0.1484, 0.1035, -0.8272, 596.35
520, -0.5755, 0.8521, 0.1479, 0.1038, -0.8271, 588.05
521, -0.5768, 0.8522, 0.1478, 0.1027, -0.8273, 595.17
522, -0.5761, 0.8522, 0.1478, 0.1035, -0.8274, 586.45
523, -0.5784, 0.8528, 0.1472, 0.1021, -0.8278, 596.77
524, -0.5754, 0.8519, 0.1481, 0.1036, -0.8271, 585.99
525, -0.5769, 0.8524, 0.1476, 0.1028, -0.8273, 596.53
526, -0.5769, 0.8523, 0.1477, 0.1026, -0.8273, 590.30
527, -0.5791, 0.8532, 0.1468, 0.1021, -0.8281, 591.87
528, -0.5771, 0.8524, 0.1476, 0.1027, -0.8274, 595.65
529, -0.5770, 0.8523, 0.1477, 0.1028, -0.8275, 589.54
530, -0.5773, 0.8524, 0.1476, 0.1025, -0.8274, 596.75
531, -0.5777, 0.8526, 0.1474, 0.1024, -0.8275, 574.66
532, -0.5752, 0.8516, 0.1484, 0.1034, -0.8269, 573.25
533, -0.5783, 0.8528, 0.1472, 0.1021, -0.8276, 574.60
534, -0.5798, 0.8532, 0.1468, 0.1015, -0.8280, 574.94
535, -0.5792, 0.8531, 0.1469, 0.1017, -0.8278, 574.09
536, -0.5767, 0.8522, 0.1478, 0.1030, -0.8275, 575.47
537, -0.5789, 0.8530, 0.1470, 0.1019, -0.8279, 575.09
538, -0.5768, 0.8523, 0.1477, 0.1029, -0.8274, 576.16
539, -0.5784, 0.8527, 0.1473, 0.1020, -0.8277, 573.95
540, -0.5787, 0.8529, 0.1471, 0.1018, -0.8277, 574.70
541, -0.5767, 0.8522, 0.1478, 0.1029, -0.8274, 574.25
542, -0.5778, 0.8527, 0.1473, 0.1023, -0.8274, 576.02
543, -0.5784, 0.8529, 0.1471, 0.1023, -0.8277, 574.44
544, -0.5786, 0.8529, 0.1471, 0.1023, -0.8280, 575.21
545, -0.5786, 0.8529, 0.1471, 0.1019, -0.8276, 574.48
546, -0.5812, 0.8538, 0.1462, 0.1009, -0.8283, 575.72
547, -0.5804, 0.8537, 0.1463, 0.1015, -0.8282, 574.93
548, -0.5785, 0.8529, 0.1471, 0.1023, -0.8278, 576.89
549, -0.5778, 0.8528, 0.1472, 0.1027, -0.8276, 575.40
550, -0.5791, 0.8531, 0.1469, 0.1021, -0.8280, 574.65
551, -0.5798, 0.8533, 0.1467, 0.1013, -0.8278, 573.26
552, -0.5763, 0.8524, 0.1476, 0.1034, -0.8273, 575.81
553, -0.5817, 0.8542, 0.1458, 0.1010, -0.8285, 576.27
554, -0.5780, 0.8527, 0.1473, 0.1024, -0.8276, 574.89
555, -0.5818, 0.8539, 0.1461, 0.1007, -0.8285, 574.58
556, -0.5810, 0.8538, 0.1462, 0.1014, -0.8285, 574.98
557, -0.5790, 0.8531, 0.1469, 0.1020, -0.8279, 575.34
558, -0.5790, 0.8531, 0.1469, 0.1021, -0.8280, 575.28
559, -0.5792, 0.8533, 0.1467, 0.1023, -0.8281, 575.21
560, -0.5791, 0.8532, 0.1468, 0.1020, -0.8279, 575.60
561, -0.5797, 0.8533, 0.1467, 0.1018, -0.8281, 574.47
562, -0.5821, 0.8541, 0.1459, 0.1007, -0.8287, 574.47
563, -0.5800, 0.8533, 0.1467, 0.1016, -0.8283, 574.55
564, -0.5822, 0.8542, 0.1458, 0.1006, -0.8286, 575.87
565, -0.5803, 0.8535, 0.1465, 0.1013, -0.8282, 574.95
566, -0.5817, 0.8540, 0.1460, 0.1007, -0.8284, 575.86
567, -0.5811, 0.8537, 0.1463, 0.1012, -0.8286, 574.20
568, -0.5788, 0.8531, 0.1469, 0.1022, -0.8279, 573.71
569, -0.5815, 0.8539, 0.1461, 0.1009, -0.8286, 574.17
570, -0.5832, 0.8545, 0.1455, 0.1002, -0.8288, 575.36
571, -0.5811, 0.8538, 0.1462, 0.1012, -0.8285, 556.72
572, -0.5828, 0.8544, 0.1456, 0.1004, -0.8288, 362.85
573, -0.5820, 0.8542, 0.1458, 0.1009, -0.8287, 319.07
574, -0.5814, 0.8539, 0.1461, 0.1010, -0.8284, 319.11
575, -0.5794, 0.8533, 0.1467, 0.1020, -0.8281, 318.93
576, -0.5830, 0.8545, 0.1455, 0.1004, -0.8289, 318.66
577, -0.5811, 0.8538, 0.1462, 0.1011, -0.8283, 319.13
578, -0.5816, 0.8541, 0.1459, 0.1013, -0.8289, 318.72
579, -0.5815, 0.8541, 0.1459, 0.1014, -0.8287, 318.00
580, -0.5823, 0.8543, 0.1457, 0.1007, -0.8287, 318.14
581, -0.5814, 0.8539, 0.1461, 0.1010, -0.8285, 318.30
582, -0.5820, 0.8542, 0.1458, 0.1010, -0.8287, 318.66
583, -0.5815, 0.8541, 0.1459, 0.1013, -0.8287, 317.86
584, -0.5812, 0.8539, 0.1461, 0.1012, -0.8285, 318.93
585, -0.5823, 0.8544, 0.1456, 0.1008, -0.8287, 318.08
586, -0.5848, 0.8551, 0.1449, 0.0997, -0.8293, 317.92
587, -0.5814, 0.8540, 0.1460, 0.1011, -0.8285, 317.76
588, -0.5829, 0.8545, 0.1455, 0.1006, -0.8290, 318.07
589, -0.5852, 0.8553, 0.1447, 0.0994, -0.8293, 318.28
590, -0.5802, 0.8535, 0.1465, 0.1015, -0.8282, 318.53
591, -0.5826, 0.8543, 0.1457, 0.1007, -0.8290, 318.39
592, -0.5810, 0.8539, 0.1461, 0.1012, -0.8284, 318.50
593, -0.5843, 0.8549, 0.1451, 0.0997, -0.8292, 318.80
594, -0.5842, 0.8550, 0.1450, 0.1000, -0.8293, 318.75
595, -0.5845, 0.8550, 0.1450, 0.1000, -0.8295, 314.55
596, -0.5823, 0.8542, 0.1458, 0.1007, -0.8288, 318.81
597, -0.5840, 0.8550, 0.1450, 0.1001, -0.8292, 318.31
598, -0.5846, 0.8549, 0.1451, 0.0996, -0.8293, 319.14
599, -0.5816, 0.8539, 0.1461, 0.1011, -0.8288, 318.59
600, -0.5842, 0.8550, 0.1450, 0.1002, -0.8294, 318.62
601, -0.5808, 0.8538, 0.1462, 0.1015, -0.8284, 318.34
602, -0.5856, 0.8554, 0.1446, 0.0993, -0.8294, 318.87
603, -0.5834, 0.8547, 0.1453, 0.1003, -0.8290, 318.90
604, -0.5866, 0.8558, 0.1442, 0.0990, -0.8299, 318.50
605, -0.5835, 0.8549, 0.1451, 0.1002, -0.8289, 318.30
606, -0.5827, 0.8547, 0.1453, 0.1009, -0.8288, 319.36
607, -0.5852, 0.8552, 0.1448, 0.0994, -0.8294, 318.57
608, -0.5836, 0.8548, 0.1452, 0.1003, -0.8292, 318.53
609, -0.5849, 0.8553, 0.1447, 0.0998, -0.8294, 318.56
610, -0.5843, 0.8550, 0.1450, 0.0999, -0.8292, 319.14
611, -0.5831, 0.8547, 0.1453, 0.1004, -0.8287, 318.96
612, -0.5859, 0.8555, 0.1445, 0.0994, -0.8297, 318.82
613, -0.5833, 0.8552, 0.1448, 0.1012, -0.8294, 317.62
614, -0.5848, 0.8553, 0.1447, 0.0996, -0.8291, 318.30
615, -0.5860, 0.8558, 0.1442, 0.0996, -0.8298, 318.72
616, -0.5857, 0.8555, 0.1445, 0.0996, -0.8298, 318.86
617, -0.5829, 0.8548, 0.1452, 0.1007, -0.8289, 318.96
618, -0.5849, 0.8552, 0.1448, 0.0999, -0.8295, 319.35
619, -0.5839, 0.8549, 0.1451, 0.1003, -0.8293, 318.94
620, -0.5856, 0.8554, 0.1446, 0.0996, -0.8298, 318.59
621, -0.5858, 0.8556, 0.1444, 0.0995, -0.8296, 315.81
622, -0.5871, 0.8564, 0.1436, 0.0993, -0.8301, 318.41
623, -0.5840, 0.8551, 0.1449, 0.1001, -0.8291, 319.07
624, -0.5861, 0.8555, 0.1445, 0.0994, -0.8300, 319.59
625, -0.5849, 0.8553, 0.1447, 0.0998, -0.8294, 318.61
626, -0.5877, 0.8562, 0.1438, 0.0988, -0.8303, 318.61
627, -0.5891, 0.8566, 0.1434, 0.0981, -0.8306, 318.89
628, -0.5867, 0.8560, 0.1440, 0.0993, -0.8300, 318.35
629, -0.5858, 0.8556, 0.1444, 0.0996, -0.8297, 317.65
630, -0.5854, 0.8554, 0.1446, 0.0996, -0.8295, 317.98
631, -0.5880, 0.8563, 0.1437, 0.0984, -0.8301, 317.92
632, -0.5866, 0.8560, 0.1440, 0.0993, -0.8299, 318.10
633, -0.5856, 0.8555, 0.1445, 0.0994, -0.8295, 318.02
634, -0.5878, 0.8562, 0.1438, 0.0985, -0.8301, 318.06
635, -0.5864, 0.8559, 0.1441, 0.0994, -0.8299, 318.35
636, -0.5886, 0.8564, 0.1436, 0.0983, -0.8305, 318.01
637, -0.5855, 0.8556, 0.1444, 0.0995, -0.8294, 318.04
638, -0.5845, 0.8553, 0.1447, 0.1002, -0.8293, 318.17
639, -0.5871, 0.8560, 0.1440, 0.0991, -0.8302, 317.91
640, -0.5855, 0.8554, 0.1446, 0.0996, -0.8296, 318.59
641, -0.5871, 0.8559, 0.1441, 0.0989, -0.8300, 318.07
642, -0.5882, 0.8564, 0.1436, 0.0985, -0.8304, 318.76
643, -0.5871, 0.8560, 0.1440, 0.0989, -0.8300, 318.50
644, -0.5876, 0.8562, 0.1438, 0.0987, -0.8301, 318.64
645, -0.5869, 0.8560, 0.1440, 0.0992, -0.8301, 318.59
646, -0.5871, 0.8560, 0.1440, 0.0988, -0.8299, 317.99
647, -0.5876, 0.8562, 0.1438, 0.0988, -0.8302, 318.33
648, -0.5890, 0.8567, 0.1433, 0.0982, -0.8305, 315.66
649, -0.5874, 0.8561, 0.1439, 0.0989, -0.8302, 318.16
650, -0.5901, 0.8570, 0.1430, 0.0977, -0.8308, 318.80
651, -0.5888, 0.8567, 0.1433, 0.0984, -0.8306, 318.00
652, -0.5865, 0.8561, 0.1439, 0.0995, -0.8298, 318.15
653, -0.5863, 0.8560, 0.1440, 0.0995, -0.8299, 318.03
654, -0.5893, 0.8567, 0.1433, 0.0980, -0.8306, 317.89
655, -0.5886, 0.8566, 0.1434, 0.0984, -0.8304, 318.61
656, -0.5867, 0.8561, 0.1439, 0.0995, -0.8301, 318.08
657, -0.5880, 0.8563, 0.1437, 0.0987, -0.8304, 318.28
658, -0.5893, 0.8568, 0.1432, 0.0982, -0.8307, 318.70
659, -0.5880, 0.8565, 0.1435, 0.0989, -0.8304, 317.81
660, -0.5883, 0.8565, 0.1435, 0.0985, -0.8304, 318.41
661, -0.5878, 0.8563, 0.1437, 0.0987, -0.8301, 317.67
662, -0.5873, 0.8563, 0.1437, 0.0992, -0.8302, 318.01
663, -0.5897, 0.8571, 0.1429, 0.0982, -0.8308, 318.24
664, -0.5873, 0.8560, 0.1440, 0.0989, -0.8302, 318.72
665, -0.5875, 0.8562, 0.1438, 0.0991, -0.8304, 318.11
666, -0.5881, 0.8563, 0.1437, 0.0986, -0.8303, 317.98
667, -0.5897, 0.8569, 0.1431, 0.0981, -0.8308, 317.83
668, -0.5891, 0.8567, 0.1433, 0.0983, -0.8307, 318.19
669, -0.5894, 0.8568, 0.1432, 0.0980, -0.8306, 331.20
670, -0.5864, 0.8560, 0.1440, 0.0995, -0.8299, 334.66
671, -0.5915, 0.8575, 0.1425, 0.0971, -0.8311, 337.76
672, -0.5896, 0.8569, 0.1431, 0.0980, -0.8307, 308.40
673, -0.5897, 0.8569, 0.1431, 0.0980, -0.8308, 285.19
674, -0.5876, 0.8561, 0.1439, 0.0988, -0.8303, 273.50
675, -0.5889, 0.8565, 0.1435, 0.0981, -0.8304, 272.76
676, -0.5891, 0.8570, 0.1430, 0.0985, -0.8306, 284.31
677, -0.5909, 0.8572, 0.1428, 0.0974, -0.8311, 344.53
678, -0.5890, 0.8568, 0.1432, 0.0983, -0.8306, 336.87
679, -0.5888, 0.8567, 0.1433, 0.0984, -0.8305, 299.40
680, -0.5904, 0.8571, 0.1429, 0.0978, -0.8310, 277.67
681, -0.5899, 0.8570, 0.1430, 0.0977, -0.8306, 335.06
682, -0.5890, 0.8568, 0.1432, 0.0984, -0.8306, 332.88
683, -0.5881, 0.8564, 0.1436, 0.0987, -0.8303, 340.09
684, -0.5915, 0.8576, 0.1424, 0.0973, -0.8312, 338.21
685, -0.5896, 0.8571, 0.1429, 0.0985, -0.8311, 334.66
686, -0.5898, 0.8569, 0.1431, 0.0977, -0.8306, 340.90
687, -0.5908, 0.8573, 0.1427, 0.0976, -0.8311, 333.26
688, -0.5903, 0.8572, 0.1428, 0.0978, -0.8309, 346.08
689, -0.5892, 0.8568, 0.1432, 0.0984, -0.8308, 333.04
690, -0.5906, 0.8573, 0.1427, 0.0977, -0.8310, 343.83
691, -0.5913, 0.8576, 0.1424, 0.0974, -0.8311, 335.83
692, -0.5887, 0.8568, 0.1432, 0.0988, -0.8308, 325.37
693, -0.5923, 0.8579, 0.1421, 0.0968, -0.8312, 320.53
694, -0.5898, 0.8570, 0.1430, 0.0977, -0.8304, 320.66
695, -0.5926, 0.8580, 0.1420, 0.0970, -0.8316, 321.80
696, -0.5906, 0.8573, 0.1427, 0.0979, -0.8311, 321.33
697, -0.5913, 0.8577, 0.1423, 0.0976, -0.8313, 321.04
698, -0.5898, 0.8569, 0.1431, 0.0979, -0.8309, 320.68
699, -0.5896, 0.8571, 0.1429, 0.0981, -0.8307, 320.21
700, -0.5921, 0.8579, 0.1421, 0.0971, -0.8314, 321.23
701, -0.5910, 0.8573, 0.1427, 0.0975, -0.8312, 319.00
702, -0.5899, 0.8572, 0.1428, 0.0978, -0.8305, 317.96
703, -0.5933, 0.8581, 0.1419, 0.0964, -0.8316, 318.00
704, -0.5908, 0.8575, 0.1425, 0.0976, -0.8310, 318.53
705, -0.5914, 0.8575, 0.1425, 0.0972, -0.8311, 317.95
706, -0.5913, 0.8578, 0.1422, 0.0978, -0.8312, 317.62
707, -0.5921, 0.8578, 0.1422, 0.0972, -0.8314, 318.10
708, -0.5900, 0.8573, 0.1427, 0.0982, -0.8309, 317.86
709, -0.5919, 0.8577, 0.1423, 0.0971, -0.8313, 318.12
710, -0.5903, 0.8571, 0.1429, 0.0977, -0.8309, 316.88
711, -0.5917, 0.8577, 0.1423, 0.0972, -0.8312, 317.38
712, -0.5929, 0.8581, 0.1419, 0.0968, -0.8316, 318.13
713, -0.5919, 0.8578, 0.1422, 0.0972, -0.8314, 317.56
714, -0.5898, 0.8572, 0.1428, 0.0981, -0.8308, 318.10
715, -0.5924, 0.8581, 0.1419, 0.0970, -0.8313, 318.19
716, -0.5931, 0.8583, 0.1417, 0.0970, -0.8318, 318.01
717, -0.5922, 0.8578, 0.1422, 0.0972, -0.8315, 318.73
718, -0.5902, 0.8572, 0.1428, 0.0979, -0.8310, 321.30
719, -0.5913, 0.8575, 0.1425, 0.0974, -0.8312, 320.57
720, -0.5928, 0.8580, 0.1420, 0.0969, -0.8316, 320.60
721, -0.5905, 0.8573, 0.1427, 0.0978, -0.8309, 320.51
722, -0.5916, 0.8576, 0.1424, 0.0973, -0.8313, 321.27
723, -0.5937, 0.8585, 0.1415, 0.0965, -0.8318, 321.10
724, -0.5923, 0.8579, 0.1421, 0.0972, -0.8317, 321.44
725, -0.5935, 0.8584, 0.1416, 0.0966, -0.8318, 321.24
726, -0.5928, 0.8581, 0.1419, 0.0970, -0.8317, 320.95
727, -0.5919, 0.8578, 0.1422, 0.0971, -0.8313, 320.85
728, -0.5919, 0.8577, 0.1423, 0.0971, -0.8313, 321.16
729, -0.5922, 0.8579, 0.1421, 0.0972, -0.8315, 321.49
730, -0.5941, 0.8585, 0.1415, 0.0963, -0.8319, 320.58
731, -0.5928, 0.8583, 0.1417, 0.0970, -0.8316, 321.30
732, -0.5926, 0.8579, 0.1421, 0.0970, -0.8316, 321.00
733, -0.5935, 0.8583, 0.1417, 0.0966, -0.8317, 320.44
734, -0.5917, 0.8576, 0.1424, 0.0971, -0.8312, 321.50
735, -0.5928, 0.8583, 0.1417, 0.0972, -0.8317, 320.80
736, -0.5921, 0.8579, 0.1421, 0.0973, -0.8315, 320.85
737, -0.5920, 0.8580, 0.1420, 0.0973, -0.8313, 321.34
738, -0.5928, 0.8581, 0.1419, 0.0968, -0.8314, 321.13
739, -0.5924, 0.8579, 0.1421, 0.0973, -0.8317, 320.98
740, -0.5928, 0.8582, 0.1418, 0.0970, -0.8316, 320.86
741, -0.5951, 0.8589, 0.1411, 0.0958, -0.8321, 320.87
742, -0.5937, 0.8585, 0.1415, 0.0966, -0.8319, 321.11
743, -0.5923, 0.8583, 0.1417, 0.0975, -0.8315, 321.62
744, -0.5920, 0.8578, 0.1422, 0.0973, -0.8315, 319.55
745, -0.5923, 0.8581, 0.1419, 0.0972, -0.8315, 321.24
746, -0.5941, 0.8585, 0.1415, 0.0964, -0.8320, 320.97
747, -0.5936, 0.8583, 0.1417, 0.0964, -0.8317, 321.00
748, -0.5922, 0.8579, 0.1421, 0.0971, -0.8314, 321.60
749, -0.5943, 0.8587, 0.1413, 0.0963, -0.8320, 319.67
750, -0.5935, 0.8584, 0.1416, 0.0967, -0.8318, 319.04
751, -0.5942, 0.8587, 0.1413, 0.0964, -0.8319, 320.35
752, -0.5921, 0.8580, 0.1420, 0.0975, -0.8316, 320.61
753, -0.5933, 0.8584, 0.1416, 0.0968, -0.8316, 321.48
754, -0.5935, 0.8584, 0.1416, 0.0968, -0.8319, 318.85
755, -0.5920, 0.8579, 0.1421, 0.0974, -0.8314, 319.88
756, -0.5935, 0.8585, 0.1415, 0.0966, -0.8316, 321.36
757, -0.5940, 0.8587, 0.1413, 0.0967, -0.8320, 321.05
758, -0.5939, 0.8586, 0.1414, 0.0965, -0.8318, 320.15
759, -0.5940, 0.8586, 0.1414, 0.0966, -0.8320, 318.14
760, -0.5941, 0.8590, 0.1410, 0.0971, -0.8322, 318.24
761, -0.5950, 0.8588, 0.1412, 0.0960, -0.8322, 318.05
762, -0.5924, 0.8582, 0.1418, 0.0973, -0.8316, 317.80
763, -0.5935, 0.8583, 0.1417, 0.0966, -0.8318, 317.68
764, -0.5938, 0.8585, 0.1415, 0.0968, -0.8321, 317.48
765, -0.5936, 0.8585, 0.1415, 0.0966, -0.8317, 317.50
766, -0.5947, 0.8588, 0.1412, 0.0962, -0.8321, 317.79
767, -0.5927, 0.8582, 0.1418, 0.0970, -0.8315, 317.40
768, -0.5934, 0.8585, 0.1415, 0.0968, -0.8317, 318.23
769, -0.5937, 0.8586, 0.1414, 0.0967, -0.8319, 318.19
770, -0.5953, 0.8589, 0.1411, 0.0960, -0.8324, 318.00
771, -0.5936, 0.8583, 0.1417, 0.0965, -0.8318, 317.61
772, -0.5937, 0.8585, 0.1415, 0.0968, -0.8320, 318.03
773, -0.5954, 0.8591, 0.1409, 0.0959, -0.8322, 316.18
774, -0.5933, 0.8583, 0.1417, 0.0967, -0.8318, 317.54
775, -0.5941, 0.8588, 0.1412, 0.0967, -0.8320, 318.24
776, -0.5947, 0.8589, 0.1411, 0.0963, -0.8322, 318.33
777, -0.5952, 0.8590, 0.1410, 0.0960, -0.8322, 318.17
778, -0.5948, 0.8587, 0.1413, 0.0960, -0.8321, 317.93
779, -0.5943, 0.8586, 0.1414, 0.0964, -0.8321, 317.40
780, -0.5953, 0.8591, 0.1409, 0.0961, -0.8322, 317.72
781, -0.5936, 0.8586, 0.1414, 0.0969, -0.8318, 318.17
782, -0.5953, 0.8590, 0.1410, 0.0962, -0.8325, 317.99
783, -0.5940, 0.8586, 0.1414, 0.0966, -0.8321, 317.87
784, -0.5954, 0.8590, 0.1410, 0.0959, -0.8323, 317.69
785, -0.5939, 0.8587, 0.1413, 0.0967, -0.8319, 318.04
786, -0.5953, 0.8593, 0.1407, 0.0963, -0.8323, 316.92
787, -0.5943, 0.8587, 0.1413, 0.0963, -0.8319, 317.77
788, -0.5964, 0.8594, 0.1406, 0.0955, -0.8325, 318.07
789, -0.5966, 0.8593, 0.1407, 0.0953, -0.8325, 317.86
790, -0.5953, 0.8591, 0.1409, 0.0961, -0.8324, 321.19
791, -0.5928, 0.8584, 0.1416, 0.0974, -0.8318, 326.79
792, -0.5941, 0.8588, 0.1412, 0.0965, -0.8318, 318.47
793, -0.5962, 0.8595, 0.1405, 0.0957, -0.8325, 318.85
794, -0.5950, 0.8590, 0.1410, 0.0962, -0.8322, 317.99
795, -0.5953, 0.8591, 0.1409, 0.0962, -0.8324, 318.00
796, -0.5951, 0.8590, 0.1410, 0.0964, -0.8324, 318.39
797, -0.5961, 0.8594, 0.1406, 0.0957, -0.8324, 317.94
798, -0.5952, 0.8591, 0.1409, 0.0962, -0.8323, 317.99
799, -0.5953, 0.8591, 0.1409, 0.0962, -0.8324, 317.92
800, -0.5940, 0.8587, 0.1413, 0.0966, -0.8319, 317.90
801, -0.5948, 0.8589, 0.1411, 0.0962, -0.8321, 318.22
802, -0.5942, 0.8587, 0.1413, 0.0966, -0.8320, 318.51
803, -0.5971, 0.8597, 0.1403, 0.0952, -0.8326, 318.03
804, -0.5946, 0.8588, 0.1412, 0.0964, -0.8321, 318.23
805, -0.5969, 0.8596, 0.1404, 0.0955, -0.8328, 317.40
806, -0.5947, 0.8589, 0.1411, 0.0964, -0.8322, 318.27
807, -0.5938, 0.8585, 0.1415, 0.0967, -0.8320, 318.16
808, -0.5967, 0.8595, 0.1405, 0.0954, -0.8326, 318.12
809, -0.5955, 0.8590, 0.1410, 0.0958, -0.8324, 317.92
810, -0.5965, 0.8595, 0.1405, 0.0957, -0.8327, 318.07
811, -0.5967, 0.8595, 0.1405, 0.0957, -0.8329, 317.42
812, -0.5954, 0.8591, 0.1409, 0.0962, -0.8325, 318.16
813, -0.5959, 0.8591, 0.1409, 0.0958, -0.8326, 318.37
814, -0.5962, 0.8594, 0.1406, 0.0957, -0.8325, 317.95
815, -0.5973, 0.8598, 0.1402, 0.0951, -0.8327, 318.73
816, -0.5966, 0.8594, 0.1406, 0.0955, -0.8327, 317.49
817, -0.5965, 0.8595, 0.1405, 0.0958, -0.8327, 317.44
818, -0.5954, 0.8592, 0.1408, 0.0963, -0.8324, 317.61
819, -0.5962, 0.8593, 0.1407, 0.0955, -0.8324, 317.22
820, -0.5977, 0.8599, 0.1401, 0.0950, -0.8328, 317.79
821, -0.5976, 0.8598, 0.1402, 0.0952, -0.8329, 318.24
822, -0.5951, 0.8591, 0.1409, 0.0962, -0.8323, 317.88
823, -0.5949, 0.8591, 0.1409, 0.0966, -0.8325, 317.73
824, -0.5947, 0.8591, 0.1409, 0.0963, -0.8320, 317.93
825, -0.5958, 0.8592, 0.1408, 0.0960, -0.8325, 317.97
826, -0.5969, 0.8596, 0.1404, 0.0954, -0.8327, 317.94
827, -0.5961, 0.8592, 0.1408, 0.0956, -0.8326, 317.80
828, -0.5952, 0.8590, 0.1410, 0.0963, -0.8325, 317.65
829, -0.5963, 0.8595, 0.1405, 0.0958, -0.8326, 313.51
830, -0.5946, 0.8589, 0.1411, 0.0965, -0.8322, 317.64
831, -0.5963, 0.8594, 0.1406, 0.0957, -0.8327, 317.92
832, -0.5973, 0.8599, 0.1401, 0.0953, -0.8327, 318.10
833, -0.5971, 0.8596, 0.1404, 0.0953, -0.8328, 317.26
834, -0.5949, 0.8588, 0.1412, 0.0961, -0.8322, 318.16
835, -0.5982, 0.8600, 0.1400, 0.0948, -0.8329, 318.03
836, -0.5959, 0.8594, 0.1406, 0.0960, -0.8326, 317.68
837, -0.5971, 0.8597, 0.1403, 0.0955, -0.8329, 318.09
838, -0.5960, 0.8595, 0.1405, 0.0961, -0.8326, 317.85
839, -0.5985, 0.8601, 0.1399, 0.0949, -0.8333, 317.67
840, -0.5959, 0.8594, 0.1406, 0.0960, -0.8325, 318.14
841, -0.5965, 0.8594, 0.1406, 0.0956, -0.8327, 317.21
842, -0.5971, 0.8596, 0.1404, 0.0955, -0.8330, 317.96
843, -0.5995, 0.8606, 0.1394, 0.0944, -0.8333, 317.87
844, -0.5970, 0.8598, 0.1402, 0.0958, -0.8329, 318.14
845, -0.5967, 0.8596, 0.1404, 0.0956, -0.8326, 317.90
846, -0.5966, 0.8599, 0.1401, 0.0964, -0.8332, 317.65
847, -0.5965, 0.8595, 0.1405, 0.0956, -0.8326, 318.34
848, -0.5958, 0.8595, 0.1405, 0.0963, -0.8326, 317.88
849, -0.5977, 0.8599, 0.1401, 0.0954, -0.8332, 318.19
850, -0.5971, 0.8597, 0.1403, 0.0954, -0.8328, 318.17
851, -0.5945, 0.8587, 0.1413, 0.0965, -0.8322, 317.30
852, -0.5961, 0.8592, 0.1408, 0.0956, -0.8325, 317.98
853, -0.5976, 0.8599, 0.1401, 0.0953, -0.8329, 317.22
854, -0.5980, 0.8600, 0.1400, 0.0951, -0.8331, 318.02
855, -0.5983, 0.8600, 0.1400, 0.0950, -0.8333, 317.61
856, -0.5966, 0.8595, 0.1405, 0.0956, -0.8327, 317.99
857, -0.5986, 0.8602, 0.1398, 0.0949, -0.8333, 317.83
858, -0.5984, 0.8603, 0.1397, 0.0952, -0.8333, 343.46
859, -0.5979, 0.8601, 0.1399, 0.0953, -0.8331, 361.16
860, -0.5969, 0.8598, 0.1402, 0.0958, -0.8329, 348.29
861, -0.5976, 0.8598, 0.1402, 0.0952, -0.8330, 361.52
862, -0.5987, 0.8603, 0.1397, 0.0950, -0.8333, 347.45
863, -0.5962, 0.8593, 0.1407, 0.0958, -0.8326, 353.35
864, -0.5954, 0.8592, 0.1408, 0.0961, -0.8324, 357.25
865, -0.5997, 0.8605, 0.1395, 0.0943, -0.8336, 360.00
866, -0.5970, 0.8597, 0.1403, 0.0958, -0.8330, 352.81
867, -0.5968, 0.8596, 0.1404, 0.0956, -0.8328, 355.58
868, -0.5985, 0.8603, 0.1397, 0.0949, -0.8330, 354.71
869, -0.5968, 0.8597, 0.1403, 0.0960, -0.8330, 345.90
870, -0.5977, 0.8599, 0.1401, 0.0952, -0.8330, 363.97
871, -0.5999, 0.8606, 0.1394, 0.0943, -0.8335, 344.47
872, -0.5979, 0.8601, 0.1399, 0.0952, -0.8331, 361.02
873, -0.5973, 0.8599, 0.1401, 0.0954, -0.8329, 345.36
874, -0.5958, 0.8593, 0.1407, 0.0962, -0.8327, 366.48
875, -0.5979, 0.8599, 0.1401, 0.0951, -0.8330, 342.22
876, -0.5988, 0.8603, 0.1397, 0.0949, -0.8334, 352.78
877, -0.5966, 0.8596, 0.1404, 0.0958, -0.8328, 335.09
878, -0.5981, 0.8601, 0.1399, 0.0951, -0.8331, 324.79
879, -0.5988, 0.8604, 0.1396, 0.0947, -0.8331, 317.54
880, -0.5977, 0.8601, 0.1399, 0.0955, -0.8330, 318.31
881, -0.6003, 0.8607, 0.1393, 0.0943, -0.8339, 317.79
882, -0.5991, 0.8604, 0.1396, 0.0947, -0.8333, 318.16
883, -0.5984, 0.8601, 0.1399, 0.0950, -0.8332, 317.59
884, -0.5984, 0.8603, 0.1397, 0.0952, -0.8333, 317.92
885, -0.5954, 0.8596, 0.1404, 0.0966, -0.8324, 317.60
886, -0.5995, 0.8605, 0.1395, 0.0944, -0.8335, 317.56
887, -0.5971, 0.8599, 0.1401, 0.0954, -0.8326, 317.22
888, -0.5988, 0.8603, 0.1397, 0.0949, -0.8334, 317.49
889, -0.5978, 0.8601, 0.1399, 0.0952, -0.8329, 317.38
890, -0.5960, 0.8594, 0.1406, 0.0961, -0.8327, 317.98
891, -0.5988, 0.8603, 0.1397, 0.0950, -0.8335, 318.17
892, -0.5984, 0.8603, 0.1397, 0.0951, -0.8332, 317.64
893, -0.5988, 0.8602, 0.1398, 0.0948, -0.8334, 317.59
894, -0.5970, 0.8596, 0.1404, 0.0958, -0.8331, 318.00
895, -0.5996, 0.8606, 0.1394, 0.0944, -0.8334, 317.58
896, -0.5970, 0.8599, 0.1401, 0.0957, -0.8328, 318.02
897, -0.5964, 0.8596, 0.1404, 0.0960, -0.8327, 317.65
898, -0.5978, 0.8599, 0.1401, 0.0952, -0.8332, 318.38
899, -0.5970, 0.8597, 0.1403, 0.0955, -0.8329, 317.76
900, -0.5996, 0.8605, 0.1395, 0.0944, -0.8336, 317.91
901, -0.5978, 0.8600, 0.1400, 0.0952, -0.8330, 318.35
902, -0.5966, 0.8596, 0.1404, 0.0957, -0.8327, 317.87
903, -0.5974, 0.8598, 0.1402, 0.0953, -0.8329, 317.93
904, -0.5996, 0.8606, 0.1394, 0.0945, -0.8335, 314.10
905, -0.5984, 0.8601, 0.1399, 0.0949, -0.8332, 317.91
906, -0.5979, 0.8600, 0.1400, 0.0952, -0.8331, 318.31
907, -0.5996, 0.8606, 0.1394, 0.0944, -0.8335, 317.52
908, -0.6002, 0.8608, 0.1392, 0.0944, -0.8337, 317.62
909, -0.6005, 0.8610, 0.1390, 0.0942, -0.8337, 318.27
910, -0.6002, 0.8608, 0.1392, 0.0942, -0.8336, 333.38
911, -0.5999, 0.8608, 0.1392, 0.0944, -0.8336, 342.20
912, -0.6006, 0.8609, 0.1391, 0.0939, -0.8336, 332.54
913, -0.5985, 0.8601, 0.1399, 0.0949, -0.8333, 341.87
914, -0.5984, 0.8602, 0.1398, 0.0950, -0.8333, 332.25
915, -0.5982, 0.8603, 0.1397, 0.0952, -0.8332, 331.13
916, -0.5983, 0.8601, 0.1399, 0.0951, -0.8332, 346.94
917, -0.6005, 0.8610, 0.1390, 0.0941, -0.8335, 337.23
918, -0.5975, 0.8600, 0.1400, 0.0953, -0.8328, 338.54
919, -0.5999, 0.8606, 0.1394, 0.0944, -0.8336, 337.20
920, -0.6003, 0.8608, 0.1392, 0.0942, -0.8337, 336.14
921, -0.6005, 0.8609, 0.1391, 0.0941, -0.8337, 335.14
922, -0.5988, 0.8603, 0.1397, 0.0949, -0.8334, 340.78
923, -0.5993, 0.8604, 0.1396, 0.0946, -0.8334, 336.99
924, -0.5998, 0.8606, 0.1394, 0.0946, -0.8337, 338.79
925, -0.5989, 0.8605, 0.1395, 0.0948, -0.8333, 343.58
926, -0.5991, 0.8605, 0.1395, 0.0947, -0.8333, 332.61
927, -0.6009, 0.8611, 0.1389, 0.0939, -0.8338, 337.69
928, -0.5998, 0.8608, 0.1392, 0.0946, -0.8335, 338.90
929, -0.5995, 0.8606, 0.1394, 0.0947, -0.8336, 327.13
930, -0.5998, 0.8607, 0.1393, 0.0944, -0.8335, 322.36
931, -0.5974, 0.8600, 0.1400, 0.0957, -0.8332, 322.06
932, -0.5991, 0.8605, 0.1395, 0.0948, -0.8334, 321.55
933, -0.5988, 0.8603, 0.1397, 0.0948, -0.8333, 321.35
934, -0.5997, 0.8606, 0.1394, 0.0944, -0.8335, 321.38
935, -0.5994, 0.8605, 0.1395, 0.0946, -0.8336, 321.67
936, -0.6004, 0.8608, 0.1392, 0.0941, -0.8337, 322.03
937, -0.5983, 0.8605, 0.1395, 0.0954, -0.8332, 320.05
938, -0.5981, 0.8603, 0.1397, 0.0955, -0.8333, 317.90
939, -0.5987, 0.8605, 0.1395, 0.0951, -0.8333, 317.96
940, -0.5998, 0.8608, 0.1392, 0.0947, -0.8338, 318.37
941, -0.5989, 0.8603, 0.1397, 0.0947, -0.8333, 317.99
942, -0.5975, 0.8600, 0.1400, 0.0955, -0.8329, 318.29
943, -0.5992, 0.8605, 0.1395, 0.0948, -0.8335, 318.23
944, -0.5985, 0.8603, 0.1397, 0.0951, -0.8333, 317.65
945, -0.5996, 0.8607, 0.1393, 0.0946, -0.8334, 317.83
946, -0.5990, 0.8604, 0.1396, 0.0946, -0.8332, 318.07
947, -0.6014, 0.8612, 0.1388, 0.0939, -0.8340, 318.38
948, -0.5985, 0.8602, 0.1398, 0.0951, -0.8334, 318.09
949, -0.5991, 0.8606, 0.1394, 0.0947, -0.8332, 318.66
950, -0.6005, 0.8609, 0.1391, 0.0943, -0.8338, 318.19
951, -0.6012, 0.8613, 0.1387, 0.0940, -0.8340, 318.17
952, -0.6003, 0.8609, 0.1391, 0.0942, -0.8337, 318.19
953, -0.5993, 0.8606, 0.1394, 0.0948, -0.8335, 317.93
954, -0.5994, 0.8605, 0.1395, 0.0947, -0.8336, 317.94
955, -0.5994, 0.8606, 0.1394, 0.0948, -0.8336, 316.99
956, -0.5992, 0.8604, 0.1396, 0.0947, -0.8335, 317.54
957, -0.6003, 0.8608, 0.1392, 0.0942, -0.8337, 317.95
958, -0.6003, 0.8608, 0.1392, 0.0943, -0.8338, 321.55
959, -0.5995, 0.8606, 0.1394, 0.0945, -0.8334, 322.05
960, -0.6020, 0.8615, 0.1385, 0.0937, -0.8343, 321.45
961, -0.5990, 0.8605, 0.1395, 0.0946, -0.8332, 321.62
962, -0.6000, 0.8608, 0.1392, 0.0943, -0.8335, 321.77
963, -0.6006, 0.8610, 0.1390, 0.0942, -0.8338, 322.40
964, -0.5993, 0.8604, 0.1396, 0.0946, -0.8335, 321.91
965, -0.6010, 0.8610, 0.1390, 0.0941, -0.8341, 320.89
966, -0.5999, 0.8608, 0.1392, 0.0946, -0.8337, 321.83
967, -0.6008, 0.8611, 0.1389, 0.0942, -0.8338, 321.83
968, -0.6007, 0.8611, 0.1389, 0.0943, -0.8339, 321.93
969, -0.6010, 0.8611, 0.1389, 0.0940, -0.8339, 321.82
970, -0.5999, 0.8609, 0.1391, 0.0945, -0.8335, 322.08
971, -0.5992, 0.8604, 0.1396, 0.0945, -0.8333, 321.82
972, -0.5993, 0.8607, 0.1393, 0.0948, -0.8334, 321.96
973, -0.6005, 0.8609, 0.1391, 0.0942, -0.8338, 322.01
974, -0.6002, 0.8608, 0.1392, 0.0943, -0.8336, 323.19
975, -0.6000, 0.8609, 0.1391, 0.0943, -0.8335, 336.46
976, -0.6008, 0.8610, 0.1390, 0.0942, -0.8339, 345.86
977, -0.6005, 0.8610, 0.1390, 0.0942, -0.8338, 335.68
978, -0.5995, 0.8606, 0.1394, 0.0947, -0.8336, 341.06
979, -0.5997, 0.8607, 0.1393, 0.0947, -0.8337, 335.15
980, -0.5979, 0.8600, 0.1400, 0.0954, -0.8333, 336.00
981, -0.5999, 0.8608, 0.1392, 0.0944, -0.8335, 347.97
982, -0.5991, 0.8604, 0.1396, 0.0947, -0.8334, 343.85
983, -0.5996, 0.8606, 0.1394, 0.0946, -0.8336, 342.06
984, -0.5986, 0.8604, 0.1396, 0.0949, -0.8331, 338.51
985, -0.5980, 0.8601, 0.1399, 0.0953, -0.8331, 340.38
986, -0.6009, 0.8611, 0.1389, 0.0939, -0.8337, 334.51
987, -0.6016, 0.8611, 0.1389, 0.0937, -0.8341, 345.35
988, -0.6000, 0.8607, 0.1393, 0.0943, -0.8336, 336.99
989, -0.6002, 0.8608, 0.1392, 0.0944, -0.8338, 344.90
990, -0.5986, 0.8603, 0.1397, 0.0949, -0.8332, 338.73
991, -0.5985, 0.8603, 0.1397, 0.0949, -0.8331, 347.97
992, -0.6015, 0.8612, 0.1388, 0.0938, -0.8341, 334.81
993, -0.6021, 0.8615, 0.1385, 0.0933, -0.8340, 343.69
994, -0.6015, 0.8611, 0.1389, 0.0937, -0.8340, 340.30
995, -0.5995, 0.8606, 0.1394, 0.0948, -0.8336, 324.11
996, -0.6004, 0.8607, 0.1393, 0.0941, -0.8338, 322.45
997, -0.6005, 0.8611, 0.1389, 0.0942, -0.8337, 321.54
998, -0.5996, 0.8607, 0.1393, 0.0946, -0.8335, 295.78
999, -0.6011, 0.8612, 0.1388, 0.0941, -0.8340, 269.17
1000, -0.5996, 0.8606, 0.1394, 0.0944, -0.8334, 269.49
